Lua Diagnostics | Errors: 0 | Warnings: 2260 | EmmyLua Types: /workspace/.emmylua
Info: 0 | Hints: 176 | Total: 2436 | Time: 2026-06-04 14:39:06 | Dir: /workspace/scripts
---
WARN  | CloudStorage.lua:96:12 | Unnecessary `if` statement: this condition is always truthy [unnecessary-if]
WARN  | CloudStorage.lua:115:32 | Unnecessary `if` statement: this condition is always truthy [unnecessary-if]
WARN  | CloudStorage.lua:118:28 | Unnecessary `if` statement: this condition is always truthy [unnecessary-if]
WARN  | CloudStorage.lua:187:8 | Unnecessary `if` statement: this condition is always truthy [unnecessary-if]
WARN  | CloudStorage.lua:319:16 | Unnecessary `if` statement: this condition is always truthy [unnecessary-if]
WARN  | CloudStorage.lua:324:16 | Unnecessary `if` statement: this condition is always truthy [unnecessary-if]
WARN  | CloudStorage.lua:469:8 | Impossible `if` statement: this condition is always falsy [unnecessary-if]
WARN  | CloudStorage.lua:749:16 | Unnecessary `if` statement: this condition is always truthy [unnecessary-if]
WARN  | CloudStorage.lua:761:16 | Unnecessary `if` statement: this condition is always truthy [unnecessary-if]
WARN  | CloudStorage.lua:817:16 | Unnecessary `if` statement: this condition is always truthy [unnecessary-if]
WARN  | CloudStorage.lua:832:16 | Unnecessary `if` statement: this condition is always truthy [unnecessary-if]
WARN  | CloudStorage.lua:878:12 | Impossible `if` statement: this condition is always falsy [unnecessary-if]
WARN  | CloudStorage.lua:479:9 | Cannot assign `number` to `integer`. [assign-type-mismatch]
WARN  | CloudStorage.lua:648:9 | Cannot assign `number` to `integer`. [assign-type-mismatch]
WARN  | CurtainRenderer.lua:244:8 | Impossible `if` statement: this condition is always falsy [unnecessary-if]
WARN  | CurtainRenderer.lua:305:20 | Impossible `if` statement: this condition is always falsy [unnecessary-if]
WARN  | CurtainRenderer.lua:227:22 | expected `NVGContextWrapper` but found `userdata`. [param-type-mismatch]
WARN  | CurtainRenderer.lua:230:21 | expected `NVGContextWrapper` but found `userdata`. [param-type-mismatch]
WARN  | CurtainRenderer.lua:232:22 | expected `NVGContextWrapper` but found `userdata`. [param-type-mismatch]
WARN  | CurtainRenderer.lua:233:17 | expected `NVGContextWrapper` but found `userdata`. [param-type-mismatch]
WARN  | CurtainRenderer.lua:311:30 | expected `NVGContextWrapper` but found `userdata`. [param-type-mismatch]
WARN  | CurtainRenderer.lua:312:25 | expected `NVGContextWrapper` but found `userdata`. [param-type-mismatch]
WARN  | CurtainRenderer.lua:313:30 | expected `NVGContextWrapper` but found `userdata`. [param-type-mismatch]
WARN  | CurtainRenderer.lua:314:25 | expected `NVGContextWrapper` but found `userdata`. [param-type-mismatch]
WARN  | CurtainRenderer.lua:319:34 | expected `NVGContextWrapper` but found `userdata`. [param-type-mismatch]
WARN  | CurtainRenderer.lua:320:29 | expected `NVGContextWrapper` but found `userdata`. [param-type-mismatch]
WARN  | CurtainRenderer.lua:321:34 | expected `NVGContextWrapper` but found `userdata`. [param-type-mismatch]
WARN  | CurtainRenderer.lua:322:29 | expected `NVGContextWrapper` but found `userdata`. [param-type-mismatch]
WARN  | CurtainRenderer.lua:328:34 | expected `NVGContextWrapper` but found `userdata`. [param-type-mismatch]
WARN  | CurtainRenderer.lua:329:29 | expected `NVGContextWrapper` but found `userdata`. [param-type-mismatch]
WARN  | CurtainRenderer.lua:330:34 | expected `NVGContextWrapper` but found `userdata`. [param-type-mismatch]
WARN  | CurtainRenderer.lua:331:29 | expected `NVGContextWrapper` but found `userdata`. [param-type-mismatch]
WARN  | CurtainRenderer.lua:344:22 | expected `NVGContextWrapper` but found `userdata`. [param-type-mismatch]
WARN  | CurtainRenderer.lua:345:17 | expected `NVGContextWrapper` but found `userdata`. [param-type-mismatch]
WARN  | CurtainRenderer.lua:346:22 | expected `NVGContextWrapper` but found `userdata`. [param-type-mismatch]
WARN  | CurtainRenderer.lua:347:17 | expected `NVGContextWrapper` but found `userdata`. [param-type-mismatch]
WARN  | CurtainRenderer.lua:349:22 | expected `NVGContextWrapper` but found `userdata`. [param-type-mismatch]
WARN  | CurtainRenderer.lua:350:17 | expected `NVGContextWrapper` but found `userdata`. [param-type-mismatch]
WARN  | CurtainRenderer.lua:351:22 | expected `NVGContextWrapper` but found `userdata`. [param-type-mismatch]
WARN  | CurtainRenderer.lua:352:17 | expected `NVGContextWrapper` but found `userdata`. [param-type-mismatch]
WARN  | CurtainRenderer.lua:368:26 | expected `NVGContextWrapper` but found `userdata`. [param-type-mismatch]
WARN  | CurtainRenderer.lua:369:21 | expected `NVGContextWrapper` but found `userdata`. [param-type-mismatch]
WARN  | CurtainRenderer.lua:372:26 | expected `NVGContextWrapper` but found `userdata`. [param-type-mismatch]
WARN  | CurtainRenderer.lua:376:21 | expected `NVGContextWrapper` but found `userdata`. [param-type-mismatch]
WARN  | CurtainRenderer.lua:299:65 | strandColor may be nil [need-check-nil]
WARN  | CurtainRenderer.lua:300:65 | strandColor may be nil [need-check-nil]
WARN  | CurtainRenderer.lua:301:65 | strandColor may be nil [need-check-nil]
WARN  | CurtainRenderer.lua:364:65 | strandX value may be nil [need-check-nil]
WARN  | CurtainRenderer.lua:373:28 | tipColor may be nil [need-check-nil]
WARN  | CurtainRenderer.lua:374:28 | tipColor may be nil [need-check-nil]
WARN  | CurtainRenderer.lua:375:28 | tipColor may be nil [need-check-nil]
WARN  | CurtainRenderer.lua:255:43 | Undefined field `[((si - 1 + col) % #STRAND_COLORS) + 1]`. [undefined-field]
WARN  | CurtainRenderer.lua:370:44 | Undefined field `[((si - 1 + col) % #STRAND_COLORS) + 1]`. [undefined-field]
WARN  | CurtainRenderer.lua:164:13 | Cannot assign `number` to `integer`. [assign-type-mismatch]
WARN  | CurtainRenderer.lua:177:9 | Cannot assign `number` to `integer`. [assign-type-mismatch]
WARN  | CurtainRenderer.lua:179:9 | Cannot assign `number` to `integer`. [assign-type-mismatch]
WARN  | CurtainRenderer.lua:245:9 | Cannot assign `number` to `integer`. [assign-type-mismatch]
WARN  | FogOfWar.lua:105:8 | Impossible `if` statement: this condition is always falsy [unnecessary-if]
WARN  | FogOfWar.lua:512:8 | Impossible `if` statement: this condition is always falsy [unnecessary-if]
WARN  | FogOfWar.lua:807:16 | Impossible `if` statement: this condition is always falsy [unnecessary-if]
WARN  | FogOfWar.lua:827:16 | Impossible `if` statement: this condition is always falsy [unnecessary-if]
WARN  | FogOfWar.lua:875:20 | Impossible `if` statement: this condition is always falsy [unnecessary-if]
WARN  | FogOfWar.lua:1556:8 | Unnecessary `if` statement: this condition is always truthy [unnecessary-if]
WARN  | FogOfWar.lua:1603:8 | Impossible `if` statement: this condition is always falsy [unnecessary-if]
WARN  | FogOfWar.lua:1612:12 | Impossible `if` statement: this condition is always falsy [unnecessary-if]
WARN  | FogOfWar.lua:685:34 | expected `NVGContextWrapper` but found `userdata`. [param-type-mismatch]
WARN  | FogOfWar.lua:686:29 | expected `NVGContextWrapper` but found `userdata`. [param-type-mismatch]
WARN  | FogOfWar.lua:687:34 | expected `NVGContextWrapper` but found `userdata`. [param-type-mismatch]
WARN  | FogOfWar.lua:688:29 | expected `NVGContextWrapper` but found `userdata`. [param-type-mismatch]
WARN  | FogOfWar.lua:801:26 | expected `NVGContextWrapper` but found `userdata`. [param-type-mismatch]
WARN  | FogOfWar.lua:803:26 | expected `NVGContextWrapper` but found `userdata`. [param-type-mismatch]
WARN  | FogOfWar.lua:812:30 | expected `NVGContextWrapper` but found `userdata`. [param-type-mismatch]
WARN  | FogOfWar.lua:813:25 | expected `NVGContextWrapper` but found `userdata`. [param-type-mismatch]
WARN  | FogOfWar.lua:814:25 | expected `NVGContextWrapper` but found `userdata`. [param-type-mismatch]
WARN  | FogOfWar.lua:817:30 | expected `NVGContextWrapper` but found `userdata`. [param-type-mismatch]
WARN  | FogOfWar.lua:818:25 | expected `NVGContextWrapper` but found `userdata`. [param-type-mismatch]
WARN  | FogOfWar.lua:819:25 | expected `NVGContextWrapper` but found `userdata`. [param-type-mismatch]
WARN  | FogOfWar.lua:834:38 | expected `NVGContextWrapper` but found `userdata`. [param-type-mismatch]
WARN  | FogOfWar.lua:835:33 | expected `NVGContextWrapper` but found `userdata`. [param-type-mismatch]
WARN  | FogOfWar.lua:836:33 | expected `NVGContextWrapper` but found `userdata`. [param-type-mismatch]
WARN  | FogOfWar.lua:839:42 | expected `NVGContextWrapper` but found `userdata`. [param-type-mismatch]
WARN  | FogOfWar.lua:840:37 | expected `NVGContextWrapper` but found `userdata`. [param-type-mismatch]
WARN  | FogOfWar.lua:841:37 | expected `NVGContextWrapper` but found `userdata`. [param-type-mismatch]
WARN  | FogOfWar.lua:850:38 | expected `NVGContextWrapper` but found `userdata`. [param-type-mismatch]
WARN  | FogOfWar.lua:851:33 | expected `NVGContextWrapper` but found `userdata`. [param-type-mismatch]
WARN  | FogOfWar.lua:852:33 | expected `NVGContextWrapper` but found `userdata`. [param-type-mismatch]
WARN  | FogOfWar.lua:855:42 | expected `NVGContextWrapper` but found `userdata`. [param-type-mismatch]
WARN  | FogOfWar.lua:856:37 | expected `NVGContextWrapper` but found `userdata`. [param-type-mismatch]
WARN  | FogOfWar.lua:857:37 | expected `NVGContextWrapper` but found `userdata`. [param-type-mismatch]
WARN  | FogOfWar.lua:869:30 | expected `NVGContextWrapper` but found `userdata`. [param-type-mismatch]
WARN  | FogOfWar.lua:871:30 | expected `NVGContextWrapper` but found `userdata`. [param-type-mismatch]
WARN  | FogOfWar.lua:878:34 | expected `NVGContextWrapper` but found `userdata`. [param-type-mismatch]
WARN  | FogOfWar.lua:879:29 | expected `NVGContextWrapper` but found `userdata`. [param-type-mismatch]
WARN  | FogOfWar.lua:880:29 | expected `NVGContextWrapper` but found `userdata`. [param-type-mismatch]
WARN  | FogOfWar.lua:882:34 | expected `NVGContextWrapper` but found `userdata`. [param-type-mismatch]
WARN  | FogOfWar.lua:883:29 | expected `NVGContextWrapper` but found `userdata`. [param-type-mismatch]
WARN  | FogOfWar.lua:884:29 | expected `NVGContextWrapper` but found `userdata`. [param-type-mismatch]
WARN  | FogOfWar.lua:912:26 | expected `NVGContextWrapper` but found `userdata`. [param-type-mismatch]
WARN  | FogOfWar.lua:913:23 | expected `NVGContextWrapper` but found `userdata`. [param-type-mismatch]
WARN  | FogOfWar.lua:914:49 | expected `NVGContextWrapper` but found `userdata`. [param-type-mismatch]
WARN  | FogOfWar.lua:917:26 | expected `NVGContextWrapper` but found `userdata`. [param-type-mismatch]
WARN  | FogOfWar.lua:918:21 | expected `NVGContextWrapper` but found `userdata`. [param-type-mismatch]
WARN  | FogOfWar.lua:922:26 | expected `NVGContextWrapper` but found `userdata`. [param-type-mismatch]
WARN  | FogOfWar.lua:923:23 | expected `NVGContextWrapper` but found `userdata`. [param-type-mismatch]
WARN  | FogOfWar.lua:924:49 | expected `NVGContextWrapper` but found `userdata`. [param-type-mismatch]
WARN  | FogOfWar.lua:927:26 | expected `NVGContextWrapper` but found `userdata`. [param-type-mismatch]
WARN  | FogOfWar.lua:928:21 | expected `NVGContextWrapper` but found `userdata`. [param-type-mismatch]
WARN  | FogOfWar.lua:944:34 | expected `NVGContextWrapper` but found `userdata`. [param-type-mismatch]
WARN  | FogOfWar.lua:945:29 | expected `NVGContextWrapper` but found `userdata`. [param-type-mismatch]
WARN  | FogOfWar.lua:946:34 | expected `NVGContextWrapper` but found `userdata`. [param-type-mismatch]
WARN  | FogOfWar.lua:947:29 | expected `NVGContextWrapper` but found `userdata`. [param-type-mismatch]
WARN  | FogOfWar.lua:954:26 | expected `NVGContextWrapper` but found `userdata`. [param-type-mismatch]
WARN  | FogOfWar.lua:955:21 | expected `NVGContextWrapper` but found `userdata`. [param-type-mismatch]
WARN  | FogOfWar.lua:956:28 | expected `NVGContextWrapper` but found `userdata`. [param-type-mismatch]
WARN  | FogOfWar.lua:957:28 | expected `NVGContextWrapper` but found `userdata`. [param-type-mismatch]
WARN  | FogOfWar.lua:958:23 | expected `NVGContextWrapper` but found `userdata`. [param-type-mismatch]
WARN  | FogOfWar.lua:1003:22 | expected `NVGContextWrapper` but found `userdata`. [param-type-mismatch]
WARN  | FogOfWar.lua:1004:19 | expected `NVGContextWrapper` but found `userdata`. [param-type-mismatch]
WARN  | FogOfWar.lua:1005:45 | expected `NVGContextWrapper` but found `userdata`. [param-type-mismatch]
WARN  | FogOfWar.lua:1008:22 | expected `NVGContextWrapper` but found `userdata`. [param-type-mismatch]
WARN  | FogOfWar.lua:1009:17 | expected `NVGContextWrapper` but found `userdata`. [param-type-mismatch]
WARN  | FogOfWar.lua:1013:22 | expected `NVGContextWrapper` but found `userdata`. [param-type-mismatch]
WARN  | FogOfWar.lua:1014:19 | expected `NVGContextWrapper` but found `userdata`. [param-type-mismatch]
WARN  | FogOfWar.lua:1015:45 | expected `NVGContextWrapper` but found `userdata`. [param-type-mismatch]
WARN  | FogOfWar.lua:1018:22 | expected `NVGContextWrapper` but found `userdata`. [param-type-mismatch]
WARN  | FogOfWar.lua:1019:17 | expected `NVGContextWrapper` but found `userdata`. [param-type-mismatch]
WARN  | FogOfWar.lua:1029:34 | expected `NVGContextWrapper` but found `userdata`. [param-type-mismatch]
WARN  | FogOfWar.lua:1030:29 | expected `NVGContextWrapper` but found `userdata`. [param-type-mismatch]
WARN  | FogOfWar.lua:1031:34 | expected `NVGContextWrapper` but found `userdata`. [param-type-mismatch]
WARN  | FogOfWar.lua:1032:29 | expected `NVGContextWrapper` but found `userdata`. [param-type-mismatch]
WARN  | FogOfWar.lua:1077:34 | expected `NVGContextWrapper` but found `userdata`. [param-type-mismatch]
WARN  | FogOfWar.lua:1078:29 | expected `NVGContextWrapper` but found `userdata`. [param-type-mismatch]
WARN  | FogOfWar.lua:1079:34 | expected `NVGContextWrapper` but found `userdata`. [param-type-mismatch]
WARN  | FogOfWar.lua:1080:29 | expected `NVGContextWrapper` but found `userdata`. [param-type-mismatch]
WARN  | FogOfWar.lua:1423:34 | expected `integer?` but found `number`. [param-type-mismatch]
WARN  | FogOfWar.lua:1751:22 | expected `NVGContextWrapper` but found `userdata`. [param-type-mismatch]
WARN  | FogOfWar.lua:1752:17 | expected `NVGContextWrapper` but found `userdata`. [param-type-mismatch]
WARN  | FogOfWar.lua:1753:22 | expected `NVGContextWrapper` but found `userdata`. [param-type-mismatch]
WARN  | FogOfWar.lua:1754:17 | expected `NVGContextWrapper` but found `userdata`. [param-type-mismatch]
WARN  | FogOfWar.lua:1758:22 | expected `NVGContextWrapper` but found `userdata`. [param-type-mismatch]
WARN  | FogOfWar.lua:1759:17 | expected `NVGContextWrapper` but found `userdata`. [param-type-mismatch]
WARN  | FogOfWar.lua:1760:24 | expected `NVGContextWrapper` but found `userdata`. [param-type-mismatch]
WARN  | FogOfWar.lua:1761:24 | expected `NVGContextWrapper` but found `userdata`. [param-type-mismatch]
WARN  | FogOfWar.lua:1762:19 | expected `NVGContextWrapper` but found `userdata`. [param-type-mismatch]
WARN  | FogOfWar.lua:1767:21 | expected `NVGContextWrapper` but found `userdata`. [param-type-mismatch]
WARN  | FogOfWar.lua:1768:21 | expected `NVGContextWrapper` but found `userdata`. [param-type-mismatch]
WARN  | FogOfWar.lua:1769:22 | expected `NVGContextWrapper` but found `userdata`. [param-type-mismatch]
WARN  | FogOfWar.lua:1769:26 | expected `integer` but found `number`. [param-type-mismatch]
WARN  | FogOfWar.lua:1772:22 | expected `NVGContextWrapper` but found `userdata`. [param-type-mismatch]
WARN  | FogOfWar.lua:1773:24 | expected `NVGContextWrapper` but found `userdata`. [param-type-mismatch]
WARN  | FogOfWar.lua:1774:22 | expected `NVGContextWrapper` but found `userdata`. [param-type-mismatch]
WARN  | FogOfWar.lua:1775:17 | expected `NVGContextWrapper` but found `userdata`. [param-type-mismatch]
WARN  | FogOfWar.lua:1776:22 | expected `NVGContextWrapper` but found `userdata`. [param-type-mismatch]
WARN  | FogOfWar.lua:1783:25 | expected `NVGContextWrapper` but found `userdata`. [param-type-mismatch]
WARN  | FogOfWar.lua:1784:26 | expected `NVGContextWrapper` but found `userdata`. [param-type-mismatch]
WARN  | FogOfWar.lua:1784:30 | expected `integer` but found `number`. [param-type-mismatch]
WARN  | FogOfWar.lua:1785:26 | expected `NVGContextWrapper` but found `userdata`. [param-type-mismatch]
WARN  | FogOfWar.lua:934:31 | LANTERN_SHAPE[row] may be nil [need-check-nil]
WARN  | FogOfWar.lua:1024:31 | LANTERN_SHAPE[row] may be nil [need-check-nil]
WARN  | FogOfWar.lua:1072:31 | LANTERN_SHAPE[row] may be nil [need-check-nil]
WARN  | FogOfWar.lua:1753:34 | gc may be nil [need-check-nil]
WARN  | FogOfWar.lua:1753:41 | gc may be nil [need-check-nil]
WARN  | FogOfWar.lua:1753:48 | gc may be nil [need-check-nil]
WARN  | FogOfWar.lua:1760:36 | gc may be nil [need-check-nil]
WARN  | FogOfWar.lua:1760:43 | gc may be nil [need-check-nil]
WARN  | FogOfWar.lua:1760:50 | gc may be nil [need-check-nil]
WARN  | FogOfWar.lua:1776:34 | gc may be nil [need-check-nil]
WARN  | FogOfWar.lua:1776:41 | gc may be nil [need-check-nil]
WARN  | FogOfWar.lua:1776:48 | gc may be nil [need-check-nil]
WARN  | FogOfWar.lua:1785:38 | gc may be nil [need-check-nil]
WARN  | FogOfWar.lua:1785:45 | gc may be nil [need-check-nil]
WARN  | FogOfWar.lua:1785:52 | gc may be nil [need-check-nil]
WARN  | FogOfWar.lua:162:13 | Cannot assign `number` to `integer`. [assign-type-mismatch]
WARN  | FogOfWar.lua:165:17 | Cannot assign `number` to `integer`. [assign-type-mismatch]
WARN  | FogOfWar.lua:193:13 | Cannot assign `number` to `integer`. [assign-type-mismatch]
WARN  | FogOfWar.lua:196:17 | Cannot assign `number` to `integer`. [assign-type-mismatch]
WARN  | FogOfWar.lua:247:13 | Cannot assign `number` to `integer`. [assign-type-mismatch]
WARN  | FogOfWar.lua:250:17 | Cannot assign `number` to `integer`. [assign-type-mismatch]
WARN  | FogOfWar.lua:261:13 | Cannot assign `number` to `integer`. [assign-type-mismatch]
WARN  | FogOfWar.lua:264:17 | Cannot assign `number` to `integer`. [assign-type-mismatch]
WARN  | FogOfWar.lua:300:13 | Cannot assign `number` to `integer`. [assign-type-mismatch]
WARN  | FogOfWar.lua:303:17 | Cannot assign `number` to `integer`. [assign-type-mismatch]
WARN  | FogOfWar.lua:314:13 | Cannot assign `number` to `integer`. [assign-type-mismatch]
WARN  | FogOfWar.lua:317:17 | Cannot assign `number` to `integer`. [assign-type-mismatch]
WARN  | FogOfWar.lua:513:9 | Cannot assign `number` to `integer`. [assign-type-mismatch]
WARN  | FogOfWar.lua:550:17 | Cannot assign `number` to `integer`. [assign-type-mismatch]
WARN  | FogOfWar.lua:564:17 | Cannot assign `number` to `integer`. [assign-type-mismatch]
WARN  | FogOfWar.lua:574:25 | Cannot assign `number` to `integer`. [assign-type-mismatch]
WARN  | FogOfWar.lua:580:21 | Cannot assign `number` to `integer`. [assign-type-mismatch]
WARN  | FogOfWar.lua:585:13 | Cannot assign `number` to `integer`. [assign-type-mismatch]
WARN  | FogOfWar.lua:588:17 | Cannot assign `number` to `integer`. [assign-type-mismatch]
WARN  | FogOfWar.lua:605:25 | Cannot assign `number` to `integer`. [assign-type-mismatch]
WARN  | FogOfWar.lua:655:9 | Cannot assign `number` to `integer`. [assign-type-mismatch]
WARN  | FogOfWar.lua:1500:5 | Cannot assign `number` to `integer`. [assign-type-mismatch]
WARN  | FogOfWar.lua:1501:5 | Cannot assign `number` to `integer`. [assign-type-mismatch]
WARN  | FogOfWar.lua:1559:5 | Cannot assign `number` to `integer`. [assign-type-mismatch]
WARN  | FogOfWar.lua:1645:5 | Cannot assign `number` to `integer`. [assign-type-mismatch]
WARN  | LevelGenerator.lua:821:12 | Impossible `if` statement: this condition is always falsy [unnecessary-if]
WARN  | LevelGenerator.lua:1013:16 | Unnecessary `if` statement: this condition is always truthy [unnecessary-if]
WARN  | LevelGenerator.lua:1054:8 | Impossible `if` statement: this condition is always falsy [unnecessary-if]
WARN  | LevelGenerator.lua:1064:8 | Impossible `if` statement: this condition is always falsy [unnecessary-if]
WARN  | LevelGenerator.lua:768:17 | pick may be nil [need-check-nil]
WARN  | LevelGenerator.lua:768:27 | pick may be nil [need-check-nil]
WARN  | LevelGenerator.lua:935:21 | tmpl may be nil [need-check-nil]
WARN  | LevelGenerator.lua:1076:62 | tmpl may be nil [need-check-nil]
WARN  | LevelGenerator.lua:944:30 | Undefined field `[1]`. [undefined-field]
WARN  | LevelGenerator.lua:948:38 | Undefined field `[i]`. [undefined-field]
WARN  | LevelGenerator.lua:952:41 | Undefined field `[segCount]`. [undefined-field]
WARN  | LevelGenerator.lua:284:9 | Cannot assign `number` to `integer`. [assign-type-mismatch]
WARN  | LevelGenerator.lua:285:9 | Cannot assign `number` to `integer`. [assign-type-mismatch]
WARN  | LevelGenerator.lua:303:11 | Cannot assign `number` to `integer`. [assign-type-mismatch]
WARN  | LevelGenerator.lua:323:5 | Cannot assign `number` to `integer`. [assign-type-mismatch]
WARN  | LevelGenerator.lua:333:11 | Cannot assign `number` to `integer`. [assign-type-mismatch]
WARN  | LevelGenerator.lua:395:11 | Cannot assign `number` to `integer`. [assign-type-mismatch]
WARN  | LevelGenerator.lua:454:9 | Cannot assign `number` to `integer`. [assign-type-mismatch]
WARN  | LevelGenerator.lua:455:9 | Cannot assign `number` to `integer`. [assign-type-mismatch]
WARN  | LevelGenerator.lua:479:5 | Cannot assign `number` to `integer`. [assign-type-mismatch]
WARN  | LevelGenerator.lua:542:13 | Cannot assign `number` to `integer`. [assign-type-mismatch]
WARN  | LevelGenerator.lua:543:13 | Cannot assign `number` to `integer`. [assign-type-mismatch]
WARN  | LevelGenerator.lua:552:15 | Cannot assign `number` to `integer`. [assign-type-mismatch]
WARN  | LevelGenerator.lua:556:15 | Cannot assign `number` to `integer`. [assign-type-mismatch]
WARN  | LevelGenerator.lua:597:13 | Cannot assign `number` to `integer`. [assign-type-mismatch]
WARN  | LevelGenerator.lua:598:13 | Cannot assign `number` to `integer`. [assign-type-mismatch]
WARN  | LevelGenerator.lua:607:15 | Cannot assign `number` to `integer`. [assign-type-mismatch]
WARN  | LevelGenerator.lua:609:15 | Cannot assign `number` to `integer`. [assign-type-mismatch]
WARN  | LevelGenerator.lua:611:15 | Cannot assign `number` to `integer`. [assign-type-mismatch]
WARN  | LevelGenerator.lua:613:15 | Cannot assign `number` to `integer`. [assign-type-mismatch]
WARN  | LevelGenerator.lua:662:11 | Cannot assign `number` to `integer`. [assign-type-mismatch]
WARN  | LevelGenerator.lua:695:11 | Cannot assign `number` to `integer`. [assign-type-mismatch]
WARN  | LevelGenerator.lua:705:11 | Cannot assign `number` to `integer`. [assign-type-mismatch]
WARN  | LevelGenerator.lua:744:15 | Cannot assign `number` to `integer`. [assign-type-mismatch]
WARN  | LevelGenerator.lua:745:15 | Cannot assign `number` to `integer`. [assign-type-mismatch]
WARN  | LevelGenerator.lua:1046:13 | Cannot assign `number` to `integer`. [assign-type-mismatch]
WARN  | LevelGenerator.lua:1116:17 | Cannot assign `string?` to `string`. [assign-type-mismatch]
WARN  | MainMenu.lua:62:8 | Unnecessary `if` statement: this condition is always truthy [unnecessary-if]
WARN  | MainMenu.lua:429:24 | Impossible `if` statement: this condition is always falsy [unnecessary-if]
WARN  | MainMenu.lua:443:24 | Impossible `if` statement: this condition is always falsy [unnecessary-if]
WARN  | MainMenu.lua:482:16 | Impossible `if` statement: this condition is always falsy [unnecessary-if]
WARN  | MainMenu.lua:583:8 | Unnecessary `if` statement: this condition is always truthy [unnecessary-if]
WARN  | MainMenu.lua:614:20 | Impossible `if` statement: this condition is always falsy [unnecessary-if]
WARN  | MainMenu.lua:620:20 | Impossible `if` statement: this condition is always falsy [unnecessary-if]
WARN  | MainMenu.lua:629:8 | Unnecessary `if` statement: this condition is always truthy [unnecessary-if]
WARN  | MainMenu.lua:644:8 | Unnecessary `if` statement: this condition is always truthy [unnecessary-if]
WARN  | MainMenu.lua:652:8 | Unnecessary `if` statement: this condition is always truthy [unnecessary-if]
WARN  | MainMenu.lua:655:8 | Unnecessary `if` statement: this condition is always truthy [unnecessary-if]
WARN  | MainMenu.lua:642:16 | expected `Widget` but found `nil`. [param-type-mismatch]
WARN  | MainMenu.lua:651:16 | expected `Widget` but found `nil`. [param-type-mismatch]
WARN  | MainMenu.lua:214:18 | Undefined field `SetText`. [undefined-field]
WARN  | MainMenu.lua:230:18 | Undefined field `SetText`. [undefined-field]
WARN  | MainMenu.lua:22:7 | Cannot assign `nil` to `Modal`. [assign-type-mismatch]
WARN  | MainMenu.lua:24:7 | Cannot assign `nil` to `Modal`. [assign-type-mismatch]
WARN  | MainMenu.lua:26:7 | Cannot assign `nil` to `Modal`. [assign-type-mismatch]
WARN  | MainMenu.lua:32:7 | Cannot assign `nil` to `Sound`. [assign-type-mismatch]
WARN  | MainMenu.lua:34:7 | Cannot assign `nil` to `SoundSource`. [assign-type-mismatch]
WARN  | MainMenu.lua:36:7 | Cannot assign `nil` to `Node`. [assign-type-mismatch]
WARN  | MainMenu.lua:38:7 | Cannot assign `nil` to `Scene`. [assign-type-mismatch]
WARN  | MainMenu.lua:42:7 | Cannot assign `nil` to `Sound`. [assign-type-mismatch]
WARN  | MainMenu.lua:44:7 | Cannot assign `nil` to `SoundSource`. [assign-type-mismatch]
WARN  | MainMenu.lua:657:9 | Cannot assign `nil` to `Scene`. [assign-type-mismatch]
WARN  | MainMenu.lua:659:5 | Cannot assign `nil` to `Node`. [assign-type-mismatch]
WARN  | MainMenu.lua:660:5 | Cannot assign `nil` to `SoundSource`. [assign-type-mismatch]
WARN  | MainMenu.lua:661:5 | Cannot assign `nil` to `Sound`. [assign-type-mismatch]
WARN  | MainMenu.lua:662:5 | Cannot assign `nil` to `SoundSource`. [assign-type-mismatch]
WARN  | MainMenu.lua:663:5 | Cannot assign `nil` to `Sound`. [assign-type-mismatch]
WARN  | PauseMenu.lua:54:8 | Unnecessary `if` statement: this condition is always truthy [unnecessary-if]
WARN  | PauseMenu.lua:222:32 | Impossible `if` statement: this condition is always falsy [unnecessary-if]
WARN  | PauseMenu.lua:314:16 | Impossible `if` statement: this condition is always falsy [unnecessary-if]
WARN  | PauseMenu.lua:424:8 | Impossible `if` statement: this condition is always falsy [unnecessary-if]
WARN  | PauseMenu.lua:431:8 | Impossible `if` statement: this condition is always falsy [unnecessary-if]
WARN  | PauseMenu.lua:459:8 | Unnecessary `if` statement: this condition is always truthy [unnecessary-if]
WARN  | PauseMenu.lua:133:18 | Undefined field `SetText`. [undefined-field]
WARN  | PauseMenu.lua:149:18 | Undefined field `SetText`. [undefined-field]
WARN  | PauseMenu.lua:20:7 | Cannot assign `nil` to `Modal`. [assign-type-mismatch]
WARN  | PauseMenu.lua:22:7 | Cannot assign `nil` to `Modal`. [assign-type-mismatch]
WARN  | PauseMenu.lua:24:7 | Cannot assign `nil` to `Modal`. [assign-type-mismatch]
WARN  | PauseMenu.lua:30:7 | Cannot assign `nil` to `Sound`. [assign-type-mismatch]
WARN  | PauseMenu.lua:32:7 | Cannot assign `nil` to `SoundSource`. [assign-type-mismatch]
WARN  | PauseMenu.lua:34:7 | Cannot assign `nil` to `Node`. [assign-type-mismatch]
WARN  | PauseMenu.lua:36:7 | Cannot assign `nil` to `Scene`. [assign-type-mismatch]
WARN  | PauseMenu.lua:461:9 | Cannot assign `nil` to `Scene`. [assign-type-mismatch]
WARN  | PauseMenu.lua:463:5 | Cannot assign `nil` to `Node`. [assign-type-mismatch]
WARN  | PauseMenu.lua:464:5 | Cannot assign `nil` to `SoundSource`. [assign-type-mismatch]
WARN  | PauseMenu.lua:465:5 | Cannot assign `nil` to `Sound`. [assign-type-mismatch]
WARN  | PauseMenu.lua:467:5 | Cannot assign `nil` to `Modal`. [assign-type-mismatch]
WARN  | PauseMenu.lua:468:5 | Cannot assign `nil` to `Modal`. [assign-type-mismatch]
WARN  | PauseMenu.lua:469:5 | Cannot assign `nil` to `Modal`. [assign-type-mismatch]
WARN  | SolidRenderer.lua:2051:8 | Impossible `if` statement: this condition is always falsy [unnecessary-if]
WARN  | SolidRenderer.lua:334:18 | expected `NVGContextWrapper` but found `userdata`. [param-type-mismatch]
WARN  | SolidRenderer.lua:340:19 | expected `NVGContextWrapper` but found `userdata`. [param-type-mismatch]
WARN  | SolidRenderer.lua:341:19 | expected `NVGContextWrapper` but found `userdata`. [param-type-mismatch]
WARN  | SolidRenderer.lua:343:20 | expected `NVGContextWrapper` but found `userdata`. [param-type-mismatch]
WARN  | SolidRenderer.lua:344:20 | expected `NVGContextWrapper` but found `userdata`. [param-type-mismatch]
WARN  | SolidRenderer.lua:345:15 | expected `NVGContextWrapper` but found `userdata`. [param-type-mismatch]
WARN  | SolidRenderer.lua:416:30 | expected `NVGContextWrapper` but found `userdata`. [param-type-mismatch]
WARN  | SolidRenderer.lua:417:25 | expected `NVGContextWrapper` but found `userdata`. [param-type-mismatch]
WARN  | SolidRenderer.lua:417:29 | expected `number` but found `number?`. [param-type-mismatch]
WARN  | SolidRenderer.lua:417:33 | expected `number` but found `number?`. [param-type-mismatch]
WARN  | SolidRenderer.lua:417:37 | expected `number` but found `number?`. [param-type-mismatch]
WARN  | SolidRenderer.lua:417:41 | expected `number` but found `number?`. [param-type-mismatch]
WARN  | SolidRenderer.lua:418:30 | expected `NVGContextWrapper` but found `userdata`. [param-type-mismatch]
WARN  | SolidRenderer.lua:419:25 | expected `NVGContextWrapper` but found `userdata`. [param-type-mismatch]
WARN  | SolidRenderer.lua:440:34 | expected `NVGContextWrapper` but found `userdata`. [param-type-mismatch]
WARN  | SolidRenderer.lua:441:29 | expected `NVGContextWrapper` but found `userdata`. [param-type-mismatch]
WARN  | SolidRenderer.lua:441:33 | expected `number` but found `number?`. [param-type-mismatch]
WARN  | SolidRenderer.lua:441:37 | expected `number` but found `number?`. [param-type-mismatch]
WARN  | SolidRenderer.lua:442:34 | expected `NVGContextWrapper` but found `userdata`. [param-type-mismatch]
WARN  | SolidRenderer.lua:443:29 | expected `NVGContextWrapper` but found `userdata`. [param-type-mismatch]
WARN  | SolidRenderer.lua:480:22 | expected `NVGContextWrapper` but found `userdata`. [param-type-mismatch]
WARN  | SolidRenderer.lua:481:17 | expected `NVGContextWrapper` but found `userdata`. [param-type-mismatch]
WARN  | SolidRenderer.lua:482:22 | expected `NVGContextWrapper` but found `userdata`. [param-type-mismatch]
WARN  | SolidRenderer.lua:483:17 | expected `NVGContextWrapper` but found `userdata`. [param-type-mismatch]
WARN  | SolidRenderer.lua:493:22 | expected `NVGContextWrapper` but found `userdata`. [param-type-mismatch]
WARN  | SolidRenderer.lua:494:17 | expected `NVGContextWrapper` but found `userdata`. [param-type-mismatch]
WARN  | SolidRenderer.lua:495:22 | expected `NVGContextWrapper` but found `userdata`. [param-type-mismatch]
WARN  | SolidRenderer.lua:496:17 | expected `NVGContextWrapper` but found `userdata`. [param-type-mismatch]
WARN  | SolidRenderer.lua:374:28 | normals[i] may be nil [need-check-nil]
WARN  | SolidRenderer.lua:374:28 | normals may be nil [need-check-nil]
WARN  | SolidRenderer.lua:374:43 | normals[i] may be nil [need-check-nil]
WARN  | SolidRenderer.lua:374:43 | normals may be nil [need-check-nil]
WARN  | SolidRenderer.lua:385:61 | mossColor may be nil [need-check-nil]
WARN  | SolidRenderer.lua:386:61 | mossColor may be nil [need-check-nil]
WARN  | SolidRenderer.lua:387:61 | mossColor may be nil [need-check-nil]
WARN  | SolidRenderer.lua:505:31 | BRICK_BASE_COLORS[r] may be nil [need-check-nil]
WARN  | SolidRenderer.lua:506:28 | BRICK_NORMAL_MAP[r] may be nil [need-check-nil]
WARN  | SolidRenderer.lua:509:24 | baseColor may be nil [need-check-nil]
WARN  | SolidRenderer.lua:510:24 | baseColor may be nil [need-check-nil]
WARN  | SolidRenderer.lua:511:24 | baseColor may be nil [need-check-nil]
WARN  | SolidRenderer.lua:515:76 | normal may be nil [need-check-nil]
WARN  | SolidRenderer.lua:515:87 | normal may be nil [need-check-nil]
WARN  | SolidRenderer.lua:747:31 | colorMap[r] may be nil [need-check-nil]
WARN  | SolidRenderer.lua:748:28 | normalMap[r] may be nil [need-check-nil]
WARN  | SolidRenderer.lua:750:24 | baseColor may be nil [need-check-nil]
WARN  | SolidRenderer.lua:751:24 | baseColor may be nil [need-check-nil]
WARN  | SolidRenderer.lua:752:24 | baseColor may be nil [need-check-nil]
WARN  | SolidRenderer.lua:1158:32 | normals[i] may be nil [need-check-nil]
WARN  | SolidRenderer.lua:1158:47 | normals[i] may be nil [need-check-nil]
WARN  | SolidRenderer.lua:1162:61 | mossColor may be nil [need-check-nil]
WARN  | SolidRenderer.lua:1163:61 | mossColor may be nil [need-check-nil]
WARN  | SolidRenderer.lua:1164:61 | mossColor may be nil [need-check-nil]
WARN  | SolidRenderer.lua:1218:61 | stainColor may be nil [need-check-nil]
WARN  | SolidRenderer.lua:1219:61 | stainColor may be nil [need-check-nil]
WARN  | SolidRenderer.lua:1220:61 | stainColor may be nil [need-check-nil]
WARN  | SolidRenderer.lua:1771:16 | mask[r] may be nil [need-check-nil]
WARN  | SolidRenderer.lua:1775:35 | SLOPE_BASE_COLORS[r] may be nil [need-check-nil]
WARN  | SolidRenderer.lua:1776:32 | normalMap[r] may be nil [need-check-nil]
WARN  | SolidRenderer.lua:1778:28 | baseColor may be nil [need-check-nil]
WARN  | SolidRenderer.lua:1779:28 | baseColor may be nil [need-check-nil]
WARN  | SolidRenderer.lua:1780:28 | baseColor may be nil [need-check-nil]
WARN  | SolidRenderer.lua:327:36 | Undefined field `[crackIndex]`. [undefined-field]
WARN  | SolidRenderer.lua:373:43 | Undefined field `[colorIdx]`. [undefined-field]
WARN  | SolidRenderer.lua:1108:36 | Undefined field `[crackIdx]`. [undefined-field]
WARN  | SolidRenderer.lua:1154:60 | Undefined field `[colorIdx]`. [undefined-field]
WARN  | SolidRenderer.lua:1154:91 | Undefined field `[colorIdx]`. [undefined-field]
WARN  | SolidRenderer.lua:1216:57 | Undefined field `[colorIdx]`. [undefined-field]
WARN  | SolidRenderer.lua:585:5 | Cannot assign `number` to `integer`. [assign-type-mismatch]
WARN  | SolidRenderer.lua:586:5 | Cannot assign `number` to `integer`. [assign-type-mismatch]
WARN  | SolidRenderer.lua:587:5 | Cannot assign `number` to `integer`. [assign-type-mismatch]
WARN  | SolidRenderer.lua:1271:11 | Cannot assign `number` to `integer`. [assign-type-mismatch]
WARN  | SolidRenderer.lua:1386:11 | Cannot assign `number` to `integer`. [assign-type-mismatch]
WARN  | SolidRenderer.lua:1923:13 | Cannot assign `number` to `integer`. [assign-type-mismatch]
WARN  | SolidRenderer.lua:1926:17 | Cannot assign `number` to `integer`. [assign-type-mismatch]
WARN  | SolidRenderer.lua:1946:13 | Cannot assign `number` to `integer`. [assign-type-mismatch]
WARN  | SolidRenderer.lua:1949:17 | Cannot assign `number` to `integer`. [assign-type-mismatch]
WARN  | SolidRenderer.lua:1999:17 | Cannot assign `number` to `integer`. [assign-type-mismatch]
WARN  | SolidRenderer.lua:2004:17 | Cannot assign `number` to `integer`. [assign-type-mismatch]
WARN  | SolidRenderer.lua:2005:17 | Cannot assign `number` to `integer`. [assign-type-mismatch]
WARN  | SolidRenderer.lua:2014:9 | Cannot assign `number` to `integer`. [assign-type-mismatch]
WARN  | SolidRenderer.lua:2015:9 | Cannot assign `number` to `integer`. [assign-type-mismatch]
WARN  | SolidRenderer.lua:2064:17 | Cannot assign `number` to `integer`. [assign-type-mismatch]
WARN  | SolidRenderer.lua:2065:49 | Cannot assign `number` to `integer`. [assign-type-mismatch]
WARN  | SolidRenderer.lua:2073:17 | Cannot assign `number` to `integer`. [assign-type-mismatch]
WARN  | SolidRenderer.lua:2074:49 | Cannot assign `number` to `integer`. [assign-type-mismatch]
WARN  | SolidRenderer.lua:2086:9 | Cannot assign `number` to `integer`. [assign-type-mismatch]
WARN  | SolidRenderer.lua:2087:9 | Cannot assign `number` to `integer`. [assign-type-mismatch]
WARN  | WorldMapEditor.lua:171:8 | Impossible `if` statement: this condition is always falsy [unnecessary-if]
WARN  | WorldMapEditor.lua:418:12 | Impossible `if` statement: this condition is always falsy [unnecessary-if]
WARN  | WorldMapEditor.lua:493:8 | Impossible `if` statement: this condition is always falsy [unnecessary-if]
WARN  | WorldMapEditor.lua:555:8 | Impossible `if` statement: this condition is always falsy [unnecessary-if]
WARN  | WorldMapEditor.lua:598:12 | Impossible `if` statement: this condition is always falsy [unnecessary-if]
WARN  | WorldMapEditor.lua:643:24 | Impossible `if` statement: this condition is always falsy [unnecessary-if]
WARN  | WorldMapEditor.lua:670:12 | Impossible `if` statement: this condition is always falsy [unnecessary-if]
WARN  | WorldMapEditor.lua:731:12 | Impossible `if` statement: this condition is always falsy [unnecessary-if]
WARN  | WorldMapEditor.lua:739:12 | Impossible `if` statement: this condition is always falsy [unnecessary-if]
WARN  | WorldMapEditor.lua:279:18 | expected `NVGContextWrapper` but found `nil`. [param-type-mismatch]
WARN  | WorldMapEditor.lua:280:13 | expected `NVGContextWrapper` but found `nil`. [param-type-mismatch]
WARN  | WorldMapEditor.lua:281:18 | expected `NVGContextWrapper` but found `nil`. [param-type-mismatch]
WARN  | WorldMapEditor.lua:282:13 | expected `NVGContextWrapper` but found `nil`. [param-type-mismatch]
WARN  | WorldMapEditor.lua:296:30 | expected `NVGContextWrapper` but found `nil`. [param-type-mismatch]
WARN  | WorldMapEditor.lua:297:27 | expected `NVGContextWrapper` but found `nil`. [param-type-mismatch]
WARN  | WorldMapEditor.lua:298:30 | expected `NVGContextWrapper` but found `nil`. [param-type-mismatch]
WARN  | WorldMapEditor.lua:299:25 | expected `NVGContextWrapper` but found `nil`. [param-type-mismatch]
WARN  | WorldMapEditor.lua:321:22 | expected `NVGContextWrapper` but found `nil`. [param-type-mismatch]
WARN  | WorldMapEditor.lua:322:19 | expected `NVGContextWrapper` but found `nil`. [param-type-mismatch]
WARN  | WorldMapEditor.lua:323:19 | expected `NVGContextWrapper` but found `nil`. [param-type-mismatch]
WARN  | WorldMapEditor.lua:324:24 | expected `NVGContextWrapper` but found `nil`. [param-type-mismatch]
WARN  | WorldMapEditor.lua:325:24 | expected `NVGContextWrapper` but found `nil`. [param-type-mismatch]
WARN  | WorldMapEditor.lua:326:19 | expected `NVGContextWrapper` but found `nil`. [param-type-mismatch]
WARN  | WorldMapEditor.lua:332:22 | expected `NVGContextWrapper` but found `nil`. [param-type-mismatch]
WARN  | WorldMapEditor.lua:333:19 | expected `NVGContextWrapper` but found `nil`. [param-type-mismatch]
WARN  | WorldMapEditor.lua:334:19 | expected `NVGContextWrapper` but found `nil`. [param-type-mismatch]
WARN  | WorldMapEditor.lua:335:19 | expected `NVGContextWrapper` but found `nil`. [param-type-mismatch]
WARN  | WorldMapEditor.lua:336:19 | expected `NVGContextWrapper` but found `nil`. [param-type-mismatch]
WARN  | WorldMapEditor.lua:337:24 | expected `NVGContextWrapper` but found `nil`. [param-type-mismatch]
WARN  | WorldMapEditor.lua:338:24 | expected `NVGContextWrapper` but found `nil`. [param-type-mismatch]
WARN  | WorldMapEditor.lua:339:19 | expected `NVGContextWrapper` but found `nil`. [param-type-mismatch]
WARN  | WorldMapEditor.lua:344:21 | expected `NVGContextWrapper` but found `nil`. [param-type-mismatch]
WARN  | WorldMapEditor.lua:345:21 | expected `NVGContextWrapper` but found `nil`. [param-type-mismatch]
WARN  | WorldMapEditor.lua:346:22 | expected `NVGContextWrapper` but found `nil`. [param-type-mismatch]
WARN  | WorldMapEditor.lua:346:26 | expected `integer` but found `number`. [param-type-mismatch]
WARN  | WorldMapEditor.lua:348:22 | expected `NVGContextWrapper` but found `nil`. [param-type-mismatch]
WARN  | WorldMapEditor.lua:349:24 | expected `NVGContextWrapper` but found `nil`. [param-type-mismatch]
WARN  | WorldMapEditor.lua:350:22 | expected `NVGContextWrapper` but found `nil`. [param-type-mismatch]
WARN  | WorldMapEditor.lua:351:17 | expected `NVGContextWrapper` but found `nil`. [param-type-mismatch]
WARN  | WorldMapEditor.lua:352:22 | expected `NVGContextWrapper` but found `nil`. [param-type-mismatch]
WARN  | WorldMapEditor.lua:381:18 | expected `NVGContextWrapper` but found `nil`. [param-type-mismatch]
WARN  | WorldMapEditor.lua:389:19 | expected `NVGContextWrapper` but found `nil`. [param-type-mismatch]
WARN  | WorldMapEditor.lua:390:19 | expected `NVGContextWrapper` but found `nil`. [param-type-mismatch]
WARN  | WorldMapEditor.lua:392:20 | expected `NVGContextWrapper` but found `nil`. [param-type-mismatch]
WARN  | WorldMapEditor.lua:393:20 | expected `NVGContextWrapper` but found `nil`. [param-type-mismatch]
WARN  | WorldMapEditor.lua:394:15 | expected `NVGContextWrapper` but found `nil`. [param-type-mismatch]
WARN  | WorldMapEditor.lua:397:18 | expected `NVGContextWrapper` but found `nil`. [param-type-mismatch]
WARN  | WorldMapEditor.lua:398:15 | expected `NVGContextWrapper` but found `nil`. [param-type-mismatch]
WARN  | WorldMapEditor.lua:399:20 | expected `NVGContextWrapper` but found `nil`. [param-type-mismatch]
WARN  | WorldMapEditor.lua:400:20 | expected `NVGContextWrapper` but found `nil`. [param-type-mismatch]
WARN  | WorldMapEditor.lua:401:15 | expected `NVGContextWrapper` but found `nil`. [param-type-mismatch]
WARN  | WorldMapEditor.lua:416:22 | expected `NVGContextWrapper` but found `nil`. [param-type-mismatch]
WARN  | WorldMapEditor.lua:417:24 | expected `NVGContextWrapper` but found `nil`. [param-type-mismatch]
WARN  | WorldMapEditor.lua:419:26 | expected `NVGContextWrapper` but found `nil`. [param-type-mismatch]
WARN  | WorldMapEditor.lua:421:26 | expected `NVGContextWrapper` but found `nil`. [param-type-mismatch]
WARN  | WorldMapEditor.lua:423:26 | expected `NVGContextWrapper` but found `nil`. [param-type-mismatch]
WARN  | WorldMapEditor.lua:425:17 | expected `NVGContextWrapper` but found `nil`. [param-type-mismatch]
WARN  | WorldMapEditor.lua:428:22 | expected `NVGContextWrapper` but found `nil`. [param-type-mismatch]
WARN  | WorldMapEditor.lua:429:24 | expected `NVGContextWrapper` but found `nil`. [param-type-mismatch]
WARN  | WorldMapEditor.lua:431:28 | expected `NVGContextWrapper` but found `nil`. [param-type-mismatch]
WARN  | WorldMapEditor.lua:432:28 | expected `NVGContextWrapper` but found `nil`. [param-type-mismatch]
WARN  | WorldMapEditor.lua:434:28 | expected `NVGContextWrapper` but found `nil`. [param-type-mismatch]
WARN  | WorldMapEditor.lua:435:28 | expected `NVGContextWrapper` but found `nil`. [param-type-mismatch]
WARN  | WorldMapEditor.lua:437:28 | expected `NVGContextWrapper` but found `nil`. [param-type-mismatch]
WARN  | WorldMapEditor.lua:438:28 | expected `NVGContextWrapper` but found `nil`. [param-type-mismatch]
WARN  | WorldMapEditor.lua:440:19 | expected `NVGContextWrapper` but found `nil`. [param-type-mismatch]
WARN  | WorldMapEditor.lua:444:22 | expected `NVGContextWrapper` but found `nil`. [param-type-mismatch]
WARN  | WorldMapEditor.lua:445:24 | expected `NVGContextWrapper` but found `nil`. [param-type-mismatch]
WARN  | WorldMapEditor.lua:446:22 | expected `NVGContextWrapper` but found `nil`. [param-type-mismatch]
WARN  | WorldMapEditor.lua:447:17 | expected `NVGContextWrapper` but found `nil`. [param-type-mismatch]
WARN  | WorldMapEditor.lua:450:21 | expected `NVGContextWrapper` but found `nil`. [param-type-mismatch]
WARN  | WorldMapEditor.lua:451:21 | expected `NVGContextWrapper` but found `nil`. [param-type-mismatch]
WARN  | WorldMapEditor.lua:452:22 | expected `NVGContextWrapper` but found `nil`. [param-type-mismatch]
WARN  | WorldMapEditor.lua:452:26 | expected `integer` but found `number`. [param-type-mismatch]
WARN  | WorldMapEditor.lua:453:22 | expected `NVGContextWrapper` but found `nil`. [param-type-mismatch]
WARN  | WorldMapEditor.lua:457:21 | expected `NVGContextWrapper` but found `nil`. [param-type-mismatch]
WARN  | WorldMapEditor.lua:458:22 | expected `NVGContextWrapper` but found `nil`. [param-type-mismatch]
WARN  | WorldMapEditor.lua:475:30 | expected `NVGContextWrapper` but found `nil`. [param-type-mismatch]
WARN  | WorldMapEditor.lua:476:27 | expected `NVGContextWrapper` but found `nil`. [param-type-mismatch]
WARN  | WorldMapEditor.lua:477:30 | expected `NVGContextWrapper` but found `nil`. [param-type-mismatch]
WARN  | WorldMapEditor.lua:478:25 | expected `NVGContextWrapper` but found `nil`. [param-type-mismatch]
WARN  | WorldMapEditor.lua:487:17 | expected `NVGContextWrapper` but found `nil`. [param-type-mismatch]
WARN  | WorldMapEditor.lua:488:17 | expected `NVGContextWrapper` but found `nil`. [param-type-mismatch]
WARN  | WorldMapEditor.lua:489:18 | expected `NVGContextWrapper` but found `nil`. [param-type-mismatch]
WARN  | WorldMapEditor.lua:489:22 | expected `integer` but found `number`. [param-type-mismatch]
WARN  | WorldMapEditor.lua:490:18 | expected `NVGContextWrapper` but found `nil`. [param-type-mismatch]
WARN  | WorldMapEditor.lua:494:22 | expected `NVGContextWrapper` but found `nil`. [param-type-mismatch]
WARN  | WorldMapEditor.lua:501:18 | expected `NVGContextWrapper` but found `nil`. [param-type-mismatch]
WARN  | WorldMapEditor.lua:501:22 | expected `integer` but found `number`. [param-type-mismatch]
WARN  | WorldMapEditor.lua:502:18 | expected `NVGContextWrapper` but found `nil`. [param-type-mismatch]
WARN  | WorldMapEditor.lua:511:13 | expected `NVGContextWrapper` but found `nil`. [param-type-mismatch]
WARN  | WorldMapEditor.lua:512:16 | expected `NVGContextWrapper` but found `nil`. [param-type-mismatch]
WARN  | WorldMapEditor.lua:519:16 | expected `NVGContextWrapper` but found `nil`. [param-type-mismatch]
WARN  | WorldMapEditor.lua:639:39 | node may be nil [need-check-nil]
WARN  | WorldMapEditor.lua:644:45 | node may be nil [need-check-nil]
WARN  | WorldMapEditor.lua:644:56 | node may be nil [need-check-nil]
WARN  | WorldMapEditor.lua:649:35 | node may be nil [need-check-nil]
WARN  | WorldMapEditor.lua:653:30 | node may be nil [need-check-nil]
WARN  | WorldMapEditor.lua:654:36 | node may be nil [need-check-nil]
WARN  | WorldMapEditor.lua:655:36 | node may be nil [need-check-nil]
WARN  | WorldMapEditor.lua:657:32 | node may be nil [need-check-nil]
WARN  | WorldMapEditor.lua:680:42 | node may be nil [need-check-nil]
WARN  | WorldMapEditor.lua:681:32 | node may be nil [need-check-nil]
WARN  | WorldMapEditor.lua:750:20 | conn may be nil [need-check-nil]
WARN  | WorldMapEditor.lua:750:51 | conn may be nil [need-check-nil]
WARN  | WorldMapEditor.lua:532:9 | Cannot assign `number` to `integer`. [assign-type-mismatch]
WARN  | WorldMapEditor.lua:535:9 | Cannot assign `number` to `integer`. [assign-type-mismatch]
WARN  | WorldMapEditor.lua:538:9 | Cannot assign `number` to `integer`. [assign-type-mismatch]
WARN  | WorldMapEditor.lua:541:9 | Cannot assign `number` to `integer`. [assign-type-mismatch]
WARN  | WorldMapEditor.lua:548:9 | Cannot assign `number` to `integer`. [assign-type-mismatch]
WARN  | WorldMapEditor.lua:549:9 | Cannot assign `number` to `integer`. [assign-type-mismatch]
WARN  | WorldMapEditor.lua:650:17 | Cannot assign `number` to `integer`. [assign-type-mismatch]
WARN  | WorldMapEditor.lua:722:5 | Cannot assign `number` to `integer`. [assign-type-mismatch]
WARN  | WorldMapEditor.lua:723:5 | Cannot assign `number` to `integer`. [assign-type-mismatch]
WARN  | cloud_recovery.lua:90:16 | Unnecessary `if` statement: this condition is always truthy [unnecessary-if]
WARN  | cloud_recovery.lua:94:16 | Unnecessary `if` statement: this condition is always truthy [unnecessary-if]
WARN  | cloud_recovery.lua:112:13 | Cannot assign `number` to `integer`. [assign-type-mismatch]
WARN  | cloud_recovery.lua:8:23 | Cannot resolve module `cjson`. [unresolved-require]
WARN  | editor.lua:108:8 | Impossible `if` statement: this condition is always falsy [unnecessary-if]
WARN  | editor.lua:119:8 | Unnecessary `if` statement: this condition is always truthy [unnecessary-if]
WARN  | editor.lua:241:16 | Impossible `if` statement: this condition is always falsy [unnecessary-if]
WARN  | editor.lua:271:8 | Impossible `if` statement: this condition is always falsy [unnecessary-if]
WARN  | editor.lua:283:8 | Impossible `if` statement: this condition is always falsy [unnecessary-if]
WARN  | editor.lua:312:12 | Impossible `if` statement: this condition is always falsy [unnecessary-if]
WARN  | editor.lua:307:12 | Unnecessary `if` statement: this condition is always truthy [unnecessary-if]
WARN  | editor.lua:336:8 | Impossible `if` statement: this condition is always falsy [unnecessary-if]
WARN  | editor.lua:340:8 | Impossible `if` statement: this condition is always falsy [unnecessary-if]
WARN  | editor.lua:341:8 | Impossible `if` statement: this condition is always falsy [unnecessary-if]
WARN  | editor.lua:343:8 | Impossible `if` statement: this condition is always falsy [unnecessary-if]
WARN  | editor.lua:348:8 | Impossible `if` statement: this condition is always falsy [unnecessary-if]
WARN  | editor.lua:351:12 | Unnecessary `if` statement: this condition is always truthy [unnecessary-if]
WARN  | editor.lua:357:8 | Impossible `if` statement: this condition is always falsy [unnecessary-if]
WARN  | editor.lua:374:8 | Impossible `if` statement: this condition is always falsy [unnecessary-if]
WARN  | editor.lua:383:8 | Impossible `if` statement: this condition is always falsy [unnecessary-if]
WARN  | editor.lua:391:8 | Impossible `if` statement: this condition is always falsy [unnecessary-if]
WARN  | editor.lua:399:8 | Impossible `if` statement: this condition is always falsy [unnecessary-if]
WARN  | editor.lua:407:8 | Impossible `if` statement: this condition is always falsy [unnecessary-if]
WARN  | editor.lua:415:8 | Impossible `if` statement: this condition is always falsy [unnecessary-if]
WARN  | editor.lua:96:5 | Cannot assign `number` to `integer`. [assign-type-mismatch]
WARN  | editor.lua:97:5 | Cannot assign `number` to `integer`. [assign-type-mismatch]
WARN  | editor.lua:99:5 | Cannot assign `number` to `integer`. [assign-type-mismatch]
WARN  | editor.lua:100:5 | Cannot assign `number` to `integer`. [assign-type-mismatch]
WARN  | editor.lua:340:28 | Cannot assign `number` to `integer`. [assign-type-mismatch]
WARN  | CloudPanel.lua:62:8 | Impossible `if` statement: this condition is always falsy [unnecessary-if]
WARN  | CloudPanel.lua:90:8 | Unnecessary `if` statement: this condition is always truthy [unnecessary-if]
WARN  | CloudPanel.lua:163:8 | Unnecessary `if` statement: this condition is always truthy [unnecessary-if]
WARN  | CloudPanel.lua:166:8 | Impossible `if` statement: this condition is always falsy [unnecessary-if]
WARN  | CloudPanel.lua:171:8 | Impossible `if` statement: this condition is always falsy [unnecessary-if]
WARN  | CloudPanel.lua:206:8 | Impossible `if` statement: this condition is always falsy [unnecessary-if]
WARN  | CloudPanel.lua:217:8 | Impossible `if` statement: this condition is always falsy [unnecessary-if]
WARN  | CloudPanel.lua:228:8 | Unnecessary `if` statement: this condition is always truthy [unnecessary-if]
WARN  | CloudPanel.lua:249:8 | Impossible `if` statement: this condition is always falsy [unnecessary-if]
WARN  | CloudPanel.lua:325:16 | Unnecessary `if` statement: this condition is always truthy [unnecessary-if]
WARN  | CloudPanel.lua:427:32 | Impossible `if` statement: this condition is always falsy [unnecessary-if]
WARN  | CloudPanel.lua:470:8 | Impossible `if` statement: this condition is always falsy [unnecessary-if]
WARN  | CloudPanel.lua:475:8 | Impossible `if` statement: this condition is always falsy [unnecessary-if]
WARN  | CloudPanel.lua:81:22 | expected `integer` but found `number`. [param-type-mismatch]
WARN  | CloudPanel.lua:124:22 | expected `integer` but found `number`. [param-type-mismatch]
WARN  | CloudPanel.lua:189:18 | r may be nil [need-check-nil]
WARN  | CloudPanel.lua:189:31 | r may be nil [need-check-nil]
WARN  | CloudPanel.lua:189:37 | r may be nil [need-check-nil]
WARN  | CloudPanel.lua:189:51 | r may be nil [need-check-nil]
WARN  | CloudPanel.lua:189:64 | r may be nil [need-check-nil]
WARN  | CloudPanel.lua:189:70 | r may be nil [need-check-nil]
WARN  | CloudPanel.lua:165:18 | Undefined field `_cloudPanelExportRect`. [undefined-field]
WARN  | CloudPanel.lua:170:18 | Undefined field `_cloudPanelImportRect`. [undefined-field]
WARN  | CloudPanel.lua:187:31 | Undefined field `_cloudPanelRect`. [undefined-field]
WARN  | CloudPanel.lua:188:21 | Undefined field `_cloudPanelRect`. [undefined-field]
WARN  | CrossLevel.lua:63:8 | Unnecessary `if` statement: this condition is always truthy [unnecessary-if]
WARN  | CrossLevel.lua:67:8 | Impossible `if` statement: this condition is always falsy [unnecessary-if]
WARN  | CrossLevel.lua:104:8 | Impossible `if` statement: this condition is always falsy [unnecessary-if]
WARN  | CrossLevel.lua:169:20 | Impossible `if` statement: this condition is always falsy [unnecessary-if]
WARN  | CrossLevel.lua:178:8 | Impossible `if` statement: this condition is always falsy [unnecessary-if]
WARN  | CrossLevel.lua:240:18 | Cannot call expression of type `never`. [call-non-callable]
WARN  | CrossLevel.lua:154:51 | expected `number?` but found `never`. [param-type-mismatch]
WARN  | CrossLevel.lua:242:28 | expected `sync fun(...: unknown) -> R ...` but found `never`. [param-type-mismatch]
WARN  | CrossLevel.lua:306:55 | expected `number?` but found `never`. [param-type-mismatch]
WARN  | CrossLevel.lua:240:18 | CloudStorage may be nil [need-check-nil]
WARN  | CrossLevel.lua:242:28 | cjson may be nil [need-check-nil]
WARN  | CrossLevel.lua:291:16 | simX value may be nil [need-check-nil]
WARN  | CrossLevel.lua:292:16 | simY value may be nil [need-check-nil]
WARN  | CrossLevel.lua:68:9 | Cannot assign `number` to `integer`. [assign-type-mismatch]
WARN  | CrossLevel.lua:199:9 | Cannot assign `number` to `integer`. [assign-type-mismatch]
WARN  | CrossLevel.lua:202:9 | Cannot assign `number` to `integer`. [assign-type-mismatch]
WARN  | Dialogs.lua:33:8 | Impossible `if` statement: this condition is always falsy [unnecessary-if]
WARN  | Dialogs.lua:93:16 | Unnecessary `if` statement: this condition is always truthy [unnecessary-if]
WARN  | Dialogs.lua:215:12 | Impossible `if` statement: this condition is always falsy [unnecessary-if]
WARN  | Dialogs.lua:266:8 | Impossible `if` statement: this condition is always falsy [unnecessary-if]
WARN  | Dialogs.lua:275:12 | Impossible `if` statement: this condition is always falsy [unnecessary-if]
WARN  | Dialogs.lua:268:12 | Impossible `if` statement: this condition is always falsy [unnecessary-if]
WARN  | Dialogs.lua:284:12 | Impossible `if` statement: this condition is always falsy [unnecessary-if]
WARN  | Dialogs.lua:292:12 | Impossible `if` statement: this condition is always falsy [unnecessary-if]
WARN  | Dialogs.lua:294:16 | Unnecessary `if` statement: this condition is always truthy [unnecessary-if]
WARN  | Dialogs.lua:325:12 | Impossible `if` statement: this condition is always falsy [unnecessary-if]
WARN  | Dialogs.lua:534:8 | Unnecessary `if` statement: this condition is always truthy [unnecessary-if]
WARN  | Dialogs.lua:629:8 | Unnecessary `if` statement: this condition is always truthy [unnecessary-if]
WARN  | Dialogs.lua:647:8 | Impossible `if` statement: this condition is always falsy [unnecessary-if]
WARN  | Dialogs.lua:665:8 | Impossible `if` statement: this condition is always falsy [unnecessary-if]
WARN  | Dialogs.lua:743:8 | Impossible `if` statement: this condition is always falsy [unnecessary-if]
WARN  | Dialogs.lua:819:8 | Impossible `if` statement: this condition is always falsy [unnecessary-if]
WARN  | Dialogs.lua:836:8 | Impossible `if` statement: this condition is always falsy [unnecessary-if]
WARN  | Dialogs.lua:856:8 | Impossible `if` statement: this condition is always falsy [unnecessary-if]
WARN  | Dialogs.lua:1067:12 | Impossible `if` statement: this condition is always falsy [unnecessary-if]
WARN  | Dialogs.lua:1090:12 | Impossible `if` statement: this condition is always falsy [unnecessary-if]
WARN  | Dialogs.lua:1175:16 | Impossible `if` statement: this condition is always falsy [unnecessary-if]
WARN  | Dialogs.lua:1184:16 | Unnecessary `if` statement: this condition is always truthy [unnecessary-if]
WARN  | Dialogs.lua:1200:16 | Unnecessary `if` statement: this condition is always truthy [unnecessary-if]
WARN  | Dialogs.lua:1212:8 | Impossible `if` statement: this condition is always falsy [unnecessary-if]
WARN  | Dialogs.lua:1215:12 | Impossible `if` statement: this condition is always falsy [unnecessary-if]
WARN  | Dialogs.lua:1219:12 | Unnecessary `if` statement: this condition is always truthy [unnecessary-if]
WARN  | Dialogs.lua:1226:12 | Unnecessary `if` statement: this condition is always truthy [unnecessary-if]
WARN  | Dialogs.lua:1268:8 | Impossible `if` statement: this condition is always falsy [unnecessary-if]
WARN  | Dialogs.lua:1277:20 | Impossible `if` statement: this condition is always falsy [unnecessary-if]
WARN  | Dialogs.lua:1288:20 | Unnecessary `if` statement: this condition is always truthy [unnecessary-if]
WARN  | Dialogs.lua:1306:16 | Unnecessary `if` statement: this condition is always truthy [unnecessary-if]
WARN  | Dialogs.lua:1532:12 | Impossible `if` statement: this condition is always falsy [unnecessary-if]
WARN  | Dialogs.lua:141:19 | Cannot call expression of type `never`. [call-non-callable]
WARN  | Dialogs.lua:272:13 | Cannot call expression of type `never`. [call-non-callable]
WARN  | Dialogs.lua:276:9 | Cannot call expression of type `never`. [call-non-callable]
WARN  | Dialogs.lua:280:9 | Cannot call expression of type `never`. [call-non-callable]
WARN  | Dialogs.lua:288:13 | Cannot call expression of type `never`. [call-non-callable]
WARN  | Dialogs.lua:1563:21 | Cannot call expression of type `never`. [call-non-callable]
WARN  | Dialogs.lua:416:22 | expected `integer` but found `number`. [param-type-mismatch]
WARN  | Dialogs.lua:433:22 | expected `integer` but found `number`. [param-type-mismatch]
WARN  | Dialogs.lua:457:22 | expected `integer` but found `number`. [param-type-mismatch]
WARN  | Dialogs.lua:465:22 | expected `integer` but found `number`. [param-type-mismatch]
WARN  | Dialogs.lua:505:22 | expected `integer` but found `number`. [param-type-mismatch]
WARN  | Dialogs.lua:517:22 | expected `integer` but found `number`. [param-type-mismatch]
WARN  | Dialogs.lua:528:22 | expected `integer` but found `number`. [param-type-mismatch]
WARN  | Dialogs.lua:544:22 | expected `integer` but found `number`. [param-type-mismatch]
WARN  | Dialogs.lua:564:26 | expected `integer` but found `number`. [param-type-mismatch]
WARN  | Dialogs.lua:581:26 | expected `integer` but found `number`. [param-type-mismatch]
WARN  | Dialogs.lua:597:22 | expected `integer` but found `number`. [param-type-mismatch]
WARN  | Dialogs.lua:609:22 | expected `integer` but found `number`. [param-type-mismatch]
WARN  | Dialogs.lua:626:22 | expected `integer` but found `number`. [param-type-mismatch]
WARN  | Dialogs.lua:644:22 | expected `integer` but found `number`. [param-type-mismatch]
WARN  | Dialogs.lua:662:22 | expected `integer` but found `number`. [param-type-mismatch]
WARN  | Dialogs.lua:670:22 | expected `integer` but found `number`. [param-type-mismatch]
WARN  | Dialogs.lua:696:22 | expected `integer` but found `number`. [param-type-mismatch]
WARN  | Dialogs.lua:713:26 | expected `integer` but found `number`. [param-type-mismatch]
WARN  | Dialogs.lua:724:22 | expected `integer` but found `number`. [param-type-mismatch]
WARN  | Dialogs.lua:730:22 | expected `integer` but found `number`. [param-type-mismatch]
WARN  | Dialogs.lua:750:22 | expected `integer` but found `number`. [param-type-mismatch]
WARN  | Dialogs.lua:798:26 | expected `integer` but found `number`. [param-type-mismatch]
WARN  | Dialogs.lua:814:22 | expected `integer` but found `number`. [param-type-mismatch]
WARN  | Dialogs.lua:824:22 | expected `integer` but found `number`. [param-type-mismatch]
WARN  | Dialogs.lua:831:22 | expected `integer` but found `number`. [param-type-mismatch]
WARN  | Dialogs.lua:841:22 | expected `integer` but found `number`. [param-type-mismatch]
WARN  | Dialogs.lua:864:22 | expected `integer` but found `number`. [param-type-mismatch]
WARN  | Dialogs.lua:872:26 | expected `integer` but found `number`. [param-type-mismatch]
WARN  | Dialogs.lua:896:34 | expected `integer` but found `number`. [param-type-mismatch]
WARN  | Dialogs.lua:928:26 | expected `integer` but found `number`. [param-type-mismatch]
WARN  | Dialogs.lua:949:30 | expected `integer` but found `number`. [param-type-mismatch]
WARN  | Dialogs.lua:959:30 | expected `integer` but found `number`. [param-type-mismatch]
WARN  | Dialogs.lua:971:30 | expected `integer` but found `number`. [param-type-mismatch]
WARN  | Dialogs.lua:990:22 | expected `integer` but found `number`. [param-type-mismatch]
WARN  | Dialogs.lua:1010:18 | expected `NVGContextWrapper` but found `nil`. [param-type-mismatch]
WARN  | Dialogs.lua:1011:13 | expected `NVGContextWrapper` but found `nil`. [param-type-mismatch]
WARN  | Dialogs.lua:1012:18 | expected `NVGContextWrapper` but found `nil`. [param-type-mismatch]
WARN  | Dialogs.lua:1013:13 | expected `NVGContextWrapper` but found `nil`. [param-type-mismatch]
WARN  | Dialogs.lua:1017:17 | expected `NVGContextWrapper` but found `nil`. [param-type-mismatch]
WARN  | Dialogs.lua:1121:56 | expected `integer?` but found `number`. [param-type-mismatch]
WARN  | Dialogs.lua:141:19 | FogOfWar may be nil [need-check-nil]
WARN  | Dialogs.lua:272:13 | Persistence may be nil [need-check-nil]
WARN  | Dialogs.lua:276:9 | Persistence may be nil [need-check-nil]
WARN  | Dialogs.lua:280:9 | MapData may be nil [need-check-nil]
WARN  | Dialogs.lua:288:13 | FogOfWar may be nil [need-check-nil]
WARN  | Dialogs.lua:1563:21 | Persistence may be nil [need-check-nil]
WARN  | Dialogs.lua:1577:22 | cb may be nil [need-check-nil]
WARN  | Dialogs.lua:1577:36 | cb may be nil [need-check-nil]
WARN  | Dialogs.lua:1577:43 | cb may be nil [need-check-nil]
WARN  | Dialogs.lua:1577:58 | cb may be nil [need-check-nil]
WARN  | Dialogs.lua:1577:72 | cb may be nil [need-check-nil]
WARN  | Dialogs.lua:1577:79 | cb may be nil [need-check-nil]
WARN  | Dialogs.lua:384:29 | Undefined field `trashDialogList`. [undefined-field]
WARN  | Dialogs.lua:384:52 | Undefined field `trashDialogList`. [undefined-field]
WARN  | Dialogs.lua:728:78 | Undefined field `bgAlphaCursor`. [undefined-field]
WARN  | Dialogs.lua:915:20 | Undefined field `trashDialogList`. [undefined-field]
WARN  | Dialogs.lua:976:15 | Undefined field `trashDialogBtns`. [undefined-field]
WARN  | Dialogs.lua:1164:88 | Undefined field `bgAlphaCursor`. [undefined-field]
WARN  | Dialogs.lua:1324:44 | Undefined field `bgAlphaCursor`. [undefined-field]
WARN  | Dialogs.lua:1324:96 | Undefined field `bgAlphaCursor`. [undefined-field]
WARN  | Dialogs.lua:1325:38 | Undefined field `bgAlphaCursor`. [undefined-field]
WARN  | Dialogs.lua:1559:14 | Undefined field `trashDialogBtns`. [undefined-field]
WARN  | Dialogs.lua:1560:36 | Undefined field `trashDialogBtns`. [undefined-field]
WARN  | Dialogs.lua:1567:27 | Undefined field `trashDialogList`. [undefined-field]
WARN  | Dialogs.lua:1575:14 | Undefined field `trashDialogCloseBtn`. [undefined-field]
WARN  | Dialogs.lua:1576:26 | Undefined field `trashDialogCloseBtn`. [undefined-field]
WARN  | Dialogs.lua:241:5 | Cannot assign `number` to `integer`. [assign-type-mismatch]
WARN  | Dialogs.lua:243:5 | Cannot assign `number` to `integer`. [assign-type-mismatch]
WARN  | Dialogs.lua:244:5 | Cannot assign `number` to `integer`. [assign-type-mismatch]
WARN  | Dialogs.lua:245:5 | Cannot assign `number` to `integer`. [assign-type-mismatch]
WARN  | Dialogs.lua:346:9 | Cannot assign `number` to `integer`. [assign-type-mismatch]
WARN  | FlameRenderer.lua:25:8 | Unnecessary `if` statement: this condition is always truthy [unnecessary-if]
WARN  | FlameRenderer.lua:27:12 | Impossible `if` statement: this condition is always falsy [unnecessary-if]
WARN  | FlameRenderer.lua:41:12 | Impossible `if` statement: this condition is always falsy [unnecessary-if]
WARN  | FlameRenderer.lua:140:8 | Impossible `if` statement: this condition is always falsy [unnecessary-if]
WARN  | FlameRenderer.lua:188:8 | Impossible `if` statement: this condition is always falsy [unnecessary-if]
WARN  | FlameRenderer.lua:184:41 | tpColor may be nil [need-check-nil]
WARN  | FlameRenderer.lua:185:41 | tpColor may be nil [need-check-nil]
WARN  | FlameRenderer.lua:186:41 | tpColor may be nil [need-check-nil]
WARN  | GMTool.lua:64:8 | Impossible `if` statement: this condition is always falsy [unnecessary-if]
WARN  | GMTool.lua:82:8 | Unnecessary `if` statement: this condition is always truthy [unnecessary-if]
WARN  | GMTool.lua:85:8 | Impossible `if` statement: this condition is always falsy [unnecessary-if]
WARN  | GMTool.lua:115:8 | Unnecessary `if` statement: this condition is always truthy [unnecessary-if]
WARN  | GMTool.lua:136:8 | Unnecessary `if` statement: this condition is always truthy [unnecessary-if]
WARN  | GMTool.lua:209:8 | Unnecessary `if` statement: this condition is always truthy [unnecessary-if]
WARN  | GMTool.lua:212:8 | Impossible `if` statement: this condition is always falsy [unnecessary-if]
WARN  | GMTool.lua:217:8 | Impossible `if` statement: this condition is always falsy [unnecessary-if]
WARN  | GMTool.lua:222:8 | Impossible `if` statement: this condition is always falsy [unnecessary-if]
WARN  | GMTool.lua:230:12 | Unnecessary `if` statement: this condition is always truthy [unnecessary-if]
WARN  | GMTool.lua:245:8 | Unnecessary `if` statement: this condition is always truthy [unnecessary-if]
WARN  | GMTool.lua:247:8 | Impossible `if` statement: this condition is always falsy [unnecessary-if]
WARN  | GMTool.lua:265:8 | Impossible `if` statement: this condition is always falsy [unnecessary-if]
WARN  | GMTool.lua:331:12 | Impossible `if` statement: this condition is always falsy [unnecessary-if]
WARN  | GMTool.lua:343:12 | Impossible `if` statement: this condition is always falsy [unnecessary-if]
WARN  | GMTool.lua:353:12 | Impossible `if` statement: this condition is always falsy [unnecessary-if]
WARN  | GMTool.lua:282:22 | expected `integer` but found `number`. [param-type-mismatch]
WARN  | GMTool.lua:352:26 | expected `integer` but found `number`. [param-type-mismatch]
WARN  | GMTool.lua:187:12 | item may be nil [need-check-nil]
WARN  | GMTool.lua:189:16 | item may be nil [need-check-nil]
WARN  | GMTool.lua:191:16 | item may be nil [need-check-nil]
WARN  | GMTool.lua:193:16 | item may be nil [need-check-nil]
WARN  | GMTool.lua:57:5 | Cannot assign `number` to `integer`. [assign-type-mismatch]
WARN  | GMTool.lua:93:9 | Cannot assign `number` to `integer`. [assign-type-mismatch]
WARN  | GMTool.lua:94:9 | Cannot assign `number` to `integer`. [assign-type-mismatch]
WARN  | GMTool.lua:95:9 | Cannot assign `number` to `integer`. [assign-type-mismatch]
WARN  | GMTool.lua:96:9 | Cannot assign `number` to `integer`. [assign-type-mismatch]
WARN  | GMTool.lua:125:9 | Cannot assign `number` to `integer`. [assign-type-mismatch]
WARN  | GMTool.lua:126:9 | Cannot assign `number` to `integer`. [assign-type-mismatch]
WARN  | GridRenderer.lua:813:12 | Impossible `if` statement: this condition is always falsy [unnecessary-if]
WARN  | GridRenderer.lua:835:8 | Unnecessary `if` statement: this condition is always truthy [unnecessary-if]
WARN  | GridRenderer.lua:871:8 | Impossible `if` statement: this condition is always falsy [unnecessary-if]
WARN  | GridRenderer.lua:933:8 | Unnecessary `if` statement: this condition is always truthy [unnecessary-if]
WARN  | GridRenderer.lua:935:12 | Impossible `if` statement: this condition is always falsy [unnecessary-if]
WARN  | GridRenderer.lua:939:12 | Impossible `if` statement: this condition is always falsy [unnecessary-if]
WARN  | GridRenderer.lua:996:20 | Impossible `if` statement: this condition is always falsy [unnecessary-if]
WARN  | GridRenderer.lua:1096:8 | Impossible `if` statement: this condition is always falsy [unnecessary-if]
WARN  | GridRenderer.lua:1103:16 | Impossible `if` statement: this condition is always falsy [unnecessary-if]
WARN  | GridRenderer.lua:1161:8 | Impossible `if` statement: this condition is always falsy [unnecessary-if]
WARN  | GridRenderer.lua:1167:8 | Impossible `if` statement: this condition is always falsy [unnecessary-if]
WARN  | GridRenderer.lua:1179:12 | Impossible `if` statement: this condition is always falsy [unnecessary-if]
WARN  | GridRenderer.lua:1220:8 | Impossible `if` statement: this condition is always falsy [unnecessary-if]
WARN  | GridRenderer.lua:1239:8 | Impossible `if` statement: this condition is always falsy [unnecessary-if]
WARN  | GridRenderer.lua:1240:12 | Impossible `if` statement: this condition is always falsy [unnecessary-if]
WARN  | GridRenderer.lua:223:26 | expected `integer` but found `number`. [param-type-mismatch]
WARN  | GridRenderer.lua:299:52 | expected `number?` but found `never`. [param-type-mismatch]
WARN  | GridRenderer.lua:399:38 | expected `number?` but found `never`. [param-type-mismatch]
WARN  | GridRenderer.lua:403:38 | expected `number?` but found `never`. [param-type-mismatch]
WARN  | GridRenderer.lua:726:22 | expected `integer` but found `number`. [param-type-mismatch]
WARN  | GridRenderer.lua:784:22 | expected `integer` but found `number`. [param-type-mismatch]
WARN  | GridRenderer.lua:1033:38 | expected `integer` but found `number`. [param-type-mismatch]
WARN  | GridRenderer.lua:1058:26 | expected `integer` but found `number`. [param-type-mismatch]
WARN  | GridRenderer.lua:1070:22 | expected `integer` but found `number`. [param-type-mismatch]
WARN  | GridRenderer.lua:1086:13 | expected `NVGContextWrapper` but found `nil`. [param-type-mismatch]
WARN  | GridRenderer.lua:1087:16 | expected `NVGContextWrapper` but found `nil`. [param-type-mismatch]
WARN  | GridRenderer.lua:1090:18 | expected `NVGContextWrapper` but found `nil`. [param-type-mismatch]
WARN  | GridRenderer.lua:1091:13 | expected `NVGContextWrapper` but found `nil`. [param-type-mismatch]
WARN  | GridRenderer.lua:1092:18 | expected `NVGContextWrapper` but found `nil`. [param-type-mismatch]
WARN  | GridRenderer.lua:1093:13 | expected `NVGContextWrapper` but found `nil`. [param-type-mismatch]
WARN  | GridRenderer.lua:1099:46 | expected `NVGContextWrapper` but found `nil`. [param-type-mismatch]
WARN  | GridRenderer.lua:1116:46 | expected `NVGContextWrapper` but found `nil`. [param-type-mismatch]
WARN  | GridRenderer.lua:1116:71 | expected `integer` but found `(unknown|integer)`. [param-type-mismatch]
WARN  | GridRenderer.lua:1117:26 | expected `NVGContextWrapper` but found `nil`. [param-type-mismatch]
WARN  | GridRenderer.lua:1118:21 | expected `NVGContextWrapper` but found `nil`. [param-type-mismatch]
WARN  | GridRenderer.lua:1119:26 | expected `NVGContextWrapper` but found `nil`. [param-type-mismatch]
WARN  | GridRenderer.lua:1120:21 | expected `NVGContextWrapper` but found `nil`. [param-type-mismatch]
WARN  | GridRenderer.lua:1128:46 | expected `NVGContextWrapper` but found `nil`. [param-type-mismatch]
WARN  | GridRenderer.lua:1136:50 | expected `NVGContextWrapper` but found `nil`. [param-type-mismatch]
WARN  | GridRenderer.lua:1137:30 | expected `NVGContextWrapper` but found `nil`. [param-type-mismatch]
WARN  | GridRenderer.lua:1138:25 | expected `NVGContextWrapper` but found `nil`. [param-type-mismatch]
WARN  | GridRenderer.lua:1139:30 | expected `NVGContextWrapper` but found `nil`. [param-type-mismatch]
WARN  | GridRenderer.lua:1140:25 | expected `NVGContextWrapper` but found `nil`. [param-type-mismatch]
WARN  | GridRenderer.lua:1143:34 | expected `NVGContextWrapper` but found `nil`. [param-type-mismatch]
WARN  | GridRenderer.lua:1144:29 | expected `NVGContextWrapper` but found `nil`. [param-type-mismatch]
WARN  | GridRenderer.lua:1145:36 | expected `NVGContextWrapper` but found `nil`. [param-type-mismatch]
WARN  | GridRenderer.lua:1146:36 | expected `NVGContextWrapper` but found `nil`. [param-type-mismatch]
WARN  | GridRenderer.lua:1147:31 | expected `NVGContextWrapper` but found `nil`. [param-type-mismatch]
WARN  | GridRenderer.lua:1188:26 | expected `NVGContextWrapper` but found `nil`. [param-type-mismatch]
WARN  | GridRenderer.lua:1188:39 | expected `NVGContextWrapper` but found `nil`. [param-type-mismatch]
WARN  | GridRenderer.lua:1189:26 | expected `NVGContextWrapper` but found `nil`. [param-type-mismatch]
WARN  | GridRenderer.lua:1189:66 | expected `NVGContextWrapper` but found `nil`. [param-type-mismatch]
WARN  | GridRenderer.lua:1190:26 | expected `NVGContextWrapper` but found `nil`. [param-type-mismatch]
WARN  | GridRenderer.lua:1190:39 | expected `NVGContextWrapper` but found `nil`. [param-type-mismatch]
WARN  | GridRenderer.lua:1191:28 | expected `NVGContextWrapper` but found `nil`. [param-type-mismatch]
WARN  | GridRenderer.lua:1192:28 | expected `NVGContextWrapper` but found `nil`. [param-type-mismatch]
WARN  | GridRenderer.lua:1192:48 | expected `NVGContextWrapper` but found `nil`. [param-type-mismatch]
WARN  | GridRenderer.lua:1196:25 | expected `NVGContextWrapper` but found `nil`. [param-type-mismatch]
WARN  | GridRenderer.lua:1197:25 | expected `NVGContextWrapper` but found `nil`. [param-type-mismatch]
WARN  | GridRenderer.lua:1198:26 | expected `NVGContextWrapper` but found `nil`. [param-type-mismatch]
WARN  | GridRenderer.lua:1198:30 | expected `integer` but found `number`. [param-type-mismatch]
WARN  | GridRenderer.lua:1199:26 | expected `NVGContextWrapper` but found `nil`. [param-type-mismatch]
WARN  | GridRenderer.lua:1250:16 | expected `NVGContextWrapper` but found `nil`. [param-type-mismatch]
WARN  | GridRenderer.lua:564:46 | c may be nil [need-check-nil]
WARN  | GridRenderer.lua:564:52 | c may be nil [need-check-nil]
WARN  | GridRenderer.lua:564:58 | c may be nil [need-check-nil]
WARN  | GridRenderer.lua:564:64 | c may be nil [need-check-nil]
WARN  | GridRenderer.lua:616:20 | shape[r] may be nil [need-check-nil]
WARN  | GridRenderer.lua:624:24 | coreMask[r] may be nil [need-check-nil]
WARN  | GridRenderer.lua:624:24 | coreMask may be nil [need-check-nil]
WARN  | GridRenderer.lua:1030:27 | Cannot assign `number` to `integer`. [assign-type-mismatch]
WARN  | InputHandler.lua:88:12 | Impossible `if` statement: this condition is always falsy [unnecessary-if]
WARN  | InputHandler.lua:89:16 | Unnecessary `if` statement: this condition is always truthy [unnecessary-if]
WARN  | InputHandler.lua:93:20 | Impossible `if` statement: this condition is always falsy [unnecessary-if]
WARN  | InputHandler.lua:189:12 | Impossible `if` statement: this condition is always falsy [unnecessary-if]
WARN  | InputHandler.lua:202:8 | Impossible `if` statement: this condition is always falsy [unnecessary-if]
WARN  | InputHandler.lua:229:8 | Impossible `if` statement: this condition is always falsy [unnecessary-if]
WARN  | InputHandler.lua:254:8 | Impossible `if` statement: this condition is always falsy [unnecessary-if]
WARN  | InputHandler.lua:266:8 | Unnecessary `if` statement: this condition is always truthy [unnecessary-if]
WARN  | InputHandler.lua:279:8 | Unnecessary `if` statement: this condition is always truthy [unnecessary-if]
WARN  | InputHandler.lua:295:8 | Unnecessary `if` statement: this condition is always truthy [unnecessary-if]
WARN  | InputHandler.lua:301:8 | Impossible `if` statement: this condition is always falsy [unnecessary-if]
WARN  | InputHandler.lua:303:12 | Impossible `if` statement: this condition is always falsy [unnecessary-if]
WARN  | InputHandler.lua:305:12 | Impossible `if` statement: this condition is always falsy [unnecessary-if]
WARN  | InputHandler.lua:307:12 | Impossible `if` statement: this condition is always falsy [unnecessary-if]
WARN  | InputHandler.lua:318:8 | Unnecessary `if` statement: this condition is always truthy [unnecessary-if]
WARN  | InputHandler.lua:328:8 | Unnecessary `if` statement: this condition is always truthy [unnecessary-if]
WARN  | InputHandler.lua:335:8 | Unnecessary `if` statement: this condition is always truthy [unnecessary-if]
WARN  | InputHandler.lua:354:8 | Unnecessary `if` statement: this condition is always truthy [unnecessary-if]
WARN  | InputHandler.lua:371:8 | Impossible `if` statement: this condition is always falsy [unnecessary-if]
WARN  | InputHandler.lua:375:8 | Impossible `if` statement: this condition is always falsy [unnecessary-if]
WARN  | InputHandler.lua:379:8 | Impossible `if` statement: this condition is always falsy [unnecessary-if]
WARN  | InputHandler.lua:385:8 | Impossible `if` statement: this condition is always falsy [unnecessary-if]
WARN  | InputHandler.lua:397:12 | Impossible `if` statement: this condition is always falsy [unnecessary-if]
WARN  | InputHandler.lua:419:12 | Impossible `if` statement: this condition is always falsy [unnecessary-if]
WARN  | InputHandler.lua:540:8 | Impossible `if` statement: this condition is always falsy [unnecessary-if]
WARN  | InputHandler.lua:550:8 | Impossible `if` statement: this condition is always falsy [unnecessary-if]
WARN  | InputHandler.lua:561:8 | Impossible `if` statement: this condition is always falsy [unnecessary-if]
WARN  | InputHandler.lua:565:8 | Impossible `if` statement: this condition is always falsy [unnecessary-if]
WARN  | InputHandler.lua:569:8 | Impossible `if` statement: this condition is always falsy [unnecessary-if]
WARN  | InputHandler.lua:845:8 | Unnecessary `if` statement: this condition is always truthy [unnecessary-if]
WARN  | InputHandler.lua:883:12 | Impossible `if` statement: this condition is always falsy [unnecessary-if]
WARN  | InputHandler.lua:943:12 | Impossible `if` statement: this condition is always falsy [unnecessary-if]
WARN  | InputHandler.lua:1076:8 | Impossible `if` statement: this condition is always falsy [unnecessary-if]
WARN  | InputHandler.lua:1082:8 | Impossible `if` statement: this condition is always falsy [unnecessary-if]
WARN  | InputHandler.lua:1088:8 | Impossible `if` statement: this condition is always falsy [unnecessary-if]
WARN  | InputHandler.lua:1095:8 | Impossible `if` statement: this condition is always falsy [unnecessary-if]
WARN  | InputHandler.lua:1107:12 | Unnecessary `if` statement: this condition is always truthy [unnecessary-if]
WARN  | InputHandler.lua:1207:12 | Impossible `if` statement: this condition is always falsy [unnecessary-if]
WARN  | InputHandler.lua:1219:8 | Unnecessary `if` statement: this condition is always truthy [unnecessary-if]
WARN  | InputHandler.lua:1229:8 | Unnecessary `if` statement: this condition is always truthy [unnecessary-if]
WARN  | InputHandler.lua:1299:8 | Unnecessary `if` statement: this condition is always truthy [unnecessary-if]
WARN  | InputHandler.lua:1307:8 | Impossible `if` statement: this condition is always falsy [unnecessary-if]
WARN  | InputHandler.lua:1324:8 | Impossible `if` statement: this condition is always falsy [unnecessary-if]
WARN  | InputHandler.lua:1355:8 | Impossible `if` statement: this condition is always falsy [unnecessary-if]
WARN  | InputHandler.lua:1368:8 | Impossible `if` statement: this condition is always falsy [unnecessary-if]
WARN  | InputHandler.lua:1381:12 | Impossible `if` statement: this condition is always falsy [unnecessary-if]
WARN  | InputHandler.lua:1392:8 | Impossible `if` statement: this condition is always falsy [unnecessary-if]
WARN  | InputHandler.lua:1399:8 | Impossible `if` statement: this condition is always falsy [unnecessary-if]
WARN  | InputHandler.lua:1403:12 | Impossible `if` statement: this condition is always falsy [unnecessary-if]
WARN  | InputHandler.lua:1406:16 | Impossible `if` statement: this condition is always falsy [unnecessary-if]
WARN  | InputHandler.lua:1409:20 | Unnecessary `if` statement: this condition is always truthy [unnecessary-if]
WARN  | InputHandler.lua:1410:24 | Impossible `if` statement: this condition is always falsy [unnecessary-if]
WARN  | InputHandler.lua:1435:8 | Impossible `if` statement: this condition is always falsy [unnecessary-if]
WARN  | InputHandler.lua:1444:8 | Impossible `if` statement: this condition is always falsy [unnecessary-if]
WARN  | InputHandler.lua:1449:8 | Impossible `if` statement: this condition is always falsy [unnecessary-if]
WARN  | InputHandler.lua:1454:8 | Impossible `if` statement: this condition is always falsy [unnecessary-if]
WARN  | InputHandler.lua:1459:8 | Impossible `if` statement: this condition is always falsy [unnecessary-if]
WARN  | InputHandler.lua:1464:8 | Impossible `if` statement: this condition is always falsy [unnecessary-if]
WARN  | InputHandler.lua:1469:8 | Impossible `if` statement: this condition is always falsy [unnecessary-if]
WARN  | InputHandler.lua:1546:12 | Unnecessary `if` statement: this condition is always truthy [unnecessary-if]
WARN  | InputHandler.lua:1644:12 | Impossible `if` statement: this condition is always falsy [unnecessary-if]
WARN  | InputHandler.lua:1648:16 | Impossible `if` statement: this condition is always falsy [unnecessary-if]
WARN  | InputHandler.lua:1805:8 | Impossible `if` statement: this condition is always falsy [unnecessary-if]
WARN  | InputHandler.lua:1806:8 | Impossible `if` statement: this condition is always falsy [unnecessary-if]
WARN  | InputHandler.lua:1810:8 | Impossible `if` statement: this condition is always falsy [unnecessary-if]
WARN  | InputHandler.lua:358:9 | Cannot call expression of type `never`. [call-non-callable]
WARN  | InputHandler.lua:386:9 | Cannot call expression of type `never`. [call-non-callable]
WARN  | InputHandler.lua:404:13 | Cannot call expression of type `never`. [call-non-callable]
WARN  | InputHandler.lua:410:9 | Cannot call expression of type `never`. [call-non-callable]
WARN  | InputHandler.lua:426:13 | Cannot call expression of type `never`. [call-non-callable]
WARN  | InputHandler.lua:428:13 | Cannot call expression of type `never`. [call-non-callable]
WARN  | InputHandler.lua:433:9 | Cannot call expression of type `never`. [call-non-callable]
WARN  | InputHandler.lua:446:5 | Cannot call expression of type `never`. [call-non-callable]
WARN  | InputHandler.lua:521:9 | Cannot call expression of type `never`. [call-non-callable]
WARN  | InputHandler.lua:522:9 | Cannot call expression of type `never`. [call-non-callable]
WARN  | InputHandler.lua:526:9 | Cannot call expression of type `never`. [call-non-callable]
WARN  | InputHandler.lua:530:9 | Cannot call expression of type `never`. [call-non-callable]
WARN  | InputHandler.lua:541:9 | Cannot call expression of type `never`. [call-non-callable]
WARN  | InputHandler.lua:551:9 | Cannot call expression of type `never`. [call-non-callable]
WARN  | InputHandler.lua:598:9 | Cannot call expression of type `never`. [call-non-callable]
WARN  | InputHandler.lua:623:9 | Cannot call expression of type `never`. [call-non-callable]
WARN  | InputHandler.lua:675:9 | Cannot call expression of type `never`. [call-non-callable]
WARN  | InputHandler.lua:698:9 | Cannot call expression of type `never`. [call-non-callable]
WARN  | InputHandler.lua:700:9 | Cannot call expression of type `never`. [call-non-callable]
WARN  | InputHandler.lua:726:21 | Cannot call expression of type `never`. [call-non-callable]
WARN  | InputHandler.lua:735:5 | Cannot call expression of type `never`. [call-non-callable]
WARN  | InputHandler.lua:743:9 | Cannot call expression of type `never`. [call-non-callable]
WARN  | InputHandler.lua:745:9 | Cannot call expression of type `never`. [call-non-callable]
WARN  | InputHandler.lua:747:9 | Cannot call expression of type `never`. [call-non-callable]
WARN  | InputHandler.lua:766:9 | Cannot call expression of type `never`. [call-non-callable]
WARN  | InputHandler.lua:768:9 | Cannot call expression of type `never`. [call-non-callable]
WARN  | InputHandler.lua:770:9 | Cannot call expression of type `never`. [call-non-callable]
WARN  | InputHandler.lua:772:9 | Cannot call expression of type `never`. [call-non-callable]
WARN  | InputHandler.lua:780:9 | Cannot call expression of type `never`. [call-non-callable]
WARN  | InputHandler.lua:781:9 | Cannot call expression of type `never`. [call-non-callable]
WARN  | InputHandler.lua:783:9 | Cannot call expression of type `never`. [call-non-callable]
WARN  | InputHandler.lua:784:9 | Cannot call expression of type `never`. [call-non-callable]
WARN  | InputHandler.lua:786:9 | Cannot call expression of type `never`. [call-non-callable]
WARN  | InputHandler.lua:788:9 | Cannot call expression of type `never`. [call-non-callable]
WARN  | InputHandler.lua:790:9 | Cannot call expression of type `never`. [call-non-callable]
WARN  | InputHandler.lua:816:17 | Cannot call expression of type `never`. [call-non-callable]
WARN  | InputHandler.lua:820:17 | Cannot call expression of type `never`. [call-non-callable]
WARN  | InputHandler.lua:830:17 | Cannot call expression of type `never`. [call-non-callable]
WARN  | InputHandler.lua:831:17 | Cannot call expression of type `never`. [call-non-callable]
WARN  | InputHandler.lua:1016:22 | Cannot call expression of type `never`. [call-non-callable]
WARN  | InputHandler.lua:1119:26 | Cannot call expression of type `never`. [call-non-callable]
WARN  | InputHandler.lua:1121:13 | Cannot call expression of type `never`. [call-non-callable]
WARN  | InputHandler.lua:1123:25 | Cannot call expression of type `never`. [call-non-callable]
WARN  | InputHandler.lua:1125:30 | Cannot call expression of type `never`. [call-non-callable]
WARN  | InputHandler.lua:1129:13 | Cannot call expression of type `never`. [call-non-callable]
WARN  | InputHandler.lua:1132:25 | Cannot call expression of type `never`. [call-non-callable]
WARN  | InputHandler.lua:1134:30 | Cannot call expression of type `never`. [call-non-callable]
WARN  | InputHandler.lua:1150:26 | Cannot call expression of type `never`. [call-non-callable]
WARN  | InputHandler.lua:1153:13 | Cannot call expression of type `never`. [call-non-callable]
WARN  | InputHandler.lua:1156:25 | Cannot call expression of type `never`. [call-non-callable]
WARN  | InputHandler.lua:1158:30 | Cannot call expression of type `never`. [call-non-callable]
WARN  | InputHandler.lua:1162:13 | Cannot call expression of type `never`. [call-non-callable]
WARN  | InputHandler.lua:1165:25 | Cannot call expression of type `never`. [call-non-callable]
WARN  | InputHandler.lua:1167:30 | Cannot call expression of type `never`. [call-non-callable]
WARN  | InputHandler.lua:1184:23 | Cannot call expression of type `never`. [call-non-callable]
WARN  | InputHandler.lua:1208:13 | Cannot call expression of type `never`. [call-non-callable]
WARN  | InputHandler.lua:1209:28 | Cannot call expression of type `never`. [call-non-callable]
WARN  | InputHandler.lua:1243:5 | Cannot call expression of type `never`. [call-non-callable]
WARN  | InputHandler.lua:1244:20 | Cannot call expression of type `never`. [call-non-callable]
WARN  | InputHandler.lua:1277:13 | Cannot call expression of type `never`. [call-non-callable]
WARN  | InputHandler.lua:1344:13 | Cannot call expression of type `never`. [call-non-callable]
WARN  | InputHandler.lua:1369:9 | Cannot call expression of type `never`. [call-non-callable]
WARN  | InputHandler.lua:1554:20 | Cannot call expression of type `never`. [call-non-callable]
WARN  | InputHandler.lua:1602:22 | Cannot call expression of type `never`. [call-non-callable]
WARN  | InputHandler.lua:1706:13 | Cannot call expression of type `never`. [call-non-callable]
WARN  | InputHandler.lua:1722:22 | Cannot call expression of type `never`. [call-non-callable]
WARN  | InputHandler.lua:1765:5 | Cannot call expression of type `never`. [call-non-callable]
WARN  | InputHandler.lua:1766:22 | Cannot call expression of type `never`. [call-non-callable]
WARN  | InputHandler.lua:1811:9 | Cannot call expression of type `never`. [call-non-callable]
WARN  | InputHandler.lua:1860:29 | Cannot call expression of type `never`. [call-non-callable]
WARN  | InputHandler.lua:1895:26 | Cannot call expression of type `never`. [call-non-callable]
WARN  | InputHandler.lua:1933:27 | Cannot call expression of type `never`. [call-non-callable]
WARN  | InputHandler.lua:2006:20 | Cannot call expression of type `never`. [call-non-callable]
WARN  | InputHandler.lua:2007:17 | Cannot call expression of type `never`. [call-non-callable]
WARN  | InputHandler.lua:2018:26 | Cannot call expression of type `never`. [call-non-callable]
WARN  | InputHandler.lua:1283:41 | expected `integer?` but found `number`. [param-type-mismatch]
WARN  | InputHandler.lua:358:9 | Persistence may be nil [need-check-nil]
WARN  | InputHandler.lua:386:9 | Dialogs may be nil [need-check-nil]
WARN  | InputHandler.lua:404:13 | PlayMode may be nil [need-check-nil]
WARN  | InputHandler.lua:410:9 | PlayMode may be nil [need-check-nil]
WARN  | InputHandler.lua:426:13 | PlayMode may be nil [need-check-nil]
WARN  | InputHandler.lua:428:13 | WorldMapEditor may be nil [need-check-nil]
WARN  | InputHandler.lua:433:9 | PlayMode may be nil [need-check-nil]
WARN  | InputHandler.lua:446:5 | WorldMapEditor may be nil [need-check-nil]
WARN  | InputHandler.lua:521:9 | Persistence may be nil [need-check-nil]
WARN  | InputHandler.lua:522:9 | PlayMode may be nil [need-check-nil]
WARN  | InputHandler.lua:526:9 | Persistence may be nil [need-check-nil]
WARN  | InputHandler.lua:530:9 | Persistence may be nil [need-check-nil]
WARN  | InputHandler.lua:541:9 | Dialogs may be nil [need-check-nil]
WARN  | InputHandler.lua:551:9 | Dialogs may be nil [need-check-nil]
WARN  | InputHandler.lua:598:9 | Dialogs may be nil [need-check-nil]
WARN  | InputHandler.lua:623:9 | Dialogs may be nil [need-check-nil]
WARN  | InputHandler.lua:675:9 | PlayMode may be nil [need-check-nil]
WARN  | InputHandler.lua:698:9 | PlayMode may be nil [need-check-nil]
WARN  | InputHandler.lua:700:9 | WorldMapEditor may be nil [need-check-nil]
WARN  | InputHandler.lua:726:21 | WorldMapEditor may be nil [need-check-nil]
WARN  | InputHandler.lua:735:5 | WorldMapEditor may be nil [need-check-nil]
WARN  | InputHandler.lua:743:9 | PlayMode may be nil [need-check-nil]
WARN  | InputHandler.lua:745:9 | WorldMapEditor may be nil [need-check-nil]
WARN  | InputHandler.lua:747:9 | Dialogs may be nil [need-check-nil]
WARN  | InputHandler.lua:766:9 | Persistence may be nil [need-check-nil]
WARN  | InputHandler.lua:768:9 | Persistence may be nil [need-check-nil]
WARN  | InputHandler.lua:770:9 | Dialogs may be nil [need-check-nil]
WARN  | InputHandler.lua:772:9 | Dialogs may be nil [need-check-nil]
WARN  | InputHandler.lua:780:9 | Persistence may be nil [need-check-nil]
WARN  | InputHandler.lua:781:9 | PlayMode may be nil [need-check-nil]
WARN  | InputHandler.lua:783:9 | Persistence may be nil [need-check-nil]
WARN  | InputHandler.lua:784:9 | PlayMode may be nil [need-check-nil]
WARN  | InputHandler.lua:786:9 | Dialogs may be nil [need-check-nil]
WARN  | InputHandler.lua:788:9 | Persistence may be nil [need-check-nil]
WARN  | InputHandler.lua:790:9 | WorldMapEditor may be nil [need-check-nil]
WARN  | InputHandler.lua:816:17 | Dialogs may be nil [need-check-nil]
WARN  | InputHandler.lua:820:17 | Dialogs may be nil [need-check-nil]
WARN  | InputHandler.lua:830:17 | Persistence may be nil [need-check-nil]
WARN  | InputHandler.lua:831:17 | Persistence may be nil [need-check-nil]
WARN  | InputHandler.lua:1016:22 | FogOfWar may be nil [need-check-nil]
WARN  | InputHandler.lua:1034:31 | anchorRow value may be nil [need-check-nil]
WARN  | InputHandler.lua:1119:26 | FogOfWar may be nil [need-check-nil]
WARN  | InputHandler.lua:1121:13 | Dialogs may be nil [need-check-nil]
WARN  | InputHandler.lua:1123:25 | FogOfWar may be nil [need-check-nil]
WARN  | InputHandler.lua:1125:30 | FogOfWar may be nil [need-check-nil]
WARN  | InputHandler.lua:1129:13 | Dialogs may be nil [need-check-nil]
WARN  | InputHandler.lua:1132:25 | FogOfWar may be nil [need-check-nil]
WARN  | InputHandler.lua:1134:30 | FogOfWar may be nil [need-check-nil]
WARN  | InputHandler.lua:1150:26 | FogOfWar may be nil [need-check-nil]
WARN  | InputHandler.lua:1153:13 | Dialogs may be nil [need-check-nil]
WARN  | InputHandler.lua:1156:25 | FogOfWar may be nil [need-check-nil]
WARN  | InputHandler.lua:1158:30 | FogOfWar may be nil [need-check-nil]
WARN  | InputHandler.lua:1162:13 | Dialogs may be nil [need-check-nil]
WARN  | InputHandler.lua:1165:25 | FogOfWar may be nil [need-check-nil]
WARN  | InputHandler.lua:1167:30 | FogOfWar may be nil [need-check-nil]
WARN  | InputHandler.lua:1184:23 | FogOfWar may be nil [need-check-nil]
WARN  | InputHandler.lua:1208:13 | FogOfWar may be nil [need-check-nil]
WARN  | InputHandler.lua:1209:28 | FogOfWar may be nil [need-check-nil]
WARN  | InputHandler.lua:1243:5 | FogOfWar may be nil [need-check-nil]
WARN  | InputHandler.lua:1244:20 | FogOfWar may be nil [need-check-nil]
WARN  | InputHandler.lua:1277:13 | Dialogs may be nil [need-check-nil]
WARN  | InputHandler.lua:1344:13 | Dialogs may be nil [need-check-nil]
WARN  | InputHandler.lua:1369:9 | WorldMapEditor may be nil [need-check-nil]
WARN  | InputHandler.lua:1543:29 | first may be nil [need-check-nil]
WARN  | InputHandler.lua:1544:29 | first may be nil [need-check-nil]
WARN  | InputHandler.lua:1545:29 | first may be nil [need-check-nil]
WARN  | InputHandler.lua:1546:12 | first may be nil [need-check-nil]
WARN  | InputHandler.lua:1546:54 | first may be nil [need-check-nil]
WARN  | InputHandler.lua:1554:20 | FogOfWar may be nil [need-check-nil]
WARN  | InputHandler.lua:1602:22 | FogOfWar may be nil [need-check-nil]
WARN  | InputHandler.lua:1618:45 | deco may be nil [need-check-nil]
WARN  | InputHandler.lua:1706:13 | FogOfWar may be nil [need-check-nil]
WARN  | InputHandler.lua:1722:22 | FogOfWar may be nil [need-check-nil]
WARN  | InputHandler.lua:1765:5 | FogOfWar may be nil [need-check-nil]
WARN  | InputHandler.lua:1766:22 | FogOfWar may be nil [need-check-nil]
WARN  | InputHandler.lua:1811:9 | WorldMapEditor may be nil [need-check-nil]
WARN  | InputHandler.lua:1860:29 | FogOfWar may be nil [need-check-nil]
WARN  | InputHandler.lua:1895:26 | FogOfWar may be nil [need-check-nil]
WARN  | InputHandler.lua:1933:27 | FogOfWar may be nil [need-check-nil]
WARN  | InputHandler.lua:2006:20 | FogOfWar may be nil [need-check-nil]
WARN  | InputHandler.lua:2007:17 | FogOfWar may be nil [need-check-nil]
WARN  | InputHandler.lua:2018:26 | FogOfWar may be nil [need-check-nil]
WARN  | InputHandler.lua:1542:39 | Undefined field `[1]`. [undefined-field]
WARN  | InputHandler.lua:1618:45 | Undefined field `[deco.typeId]`. [undefined-field]
WARN  | InputHandler.lua:1646:18 | Undefined field `moveDragDecoIdx`. [undefined-field]
WARN  | InputHandler.lua:1646:40 | Undefined field `moveDragDecoIdx`. [undefined-field]
WARN  | InputHandler.lua:1748:34 | Undefined field `moveDragDecoIdx`. [undefined-field]
WARN  | InputHandler.lua:216:9 | Cannot assign `number` to `integer`. [assign-type-mismatch]
WARN  | InputHandler.lua:219:9 | Cannot assign `number` to `integer`. [assign-type-mismatch]
WARN  | InputHandler.lua:222:9 | Cannot assign `number` to `integer`. [assign-type-mismatch]
WARN  | InputHandler.lua:225:9 | Cannot assign `number` to `integer`. [assign-type-mismatch]
WARN  | InputHandler.lua:233:9 | Cannot assign `number` to `integer`. [assign-type-mismatch]
WARN  | InputHandler.lua:234:9 | Cannot assign `number` to `integer`. [assign-type-mismatch]
WARN  | InputHandler.lua:235:9 | Cannot assign `number` to `integer`. [assign-type-mismatch]
WARN  | InputHandler.lua:236:9 | Cannot assign `number` to `integer`. [assign-type-mismatch]
WARN  | InputHandler.lua:272:5 | Cannot assign `number` to `integer`. [assign-type-mismatch]
WARN  | InputHandler.lua:281:5 | Cannot assign `number` to `integer`. [assign-type-mismatch]
WARN  | InputHandler.lua:290:5 | Cannot assign `number` to `integer`. [assign-type-mismatch]
WARN  | InputHandler.lua:291:5 | Cannot assign `number` to `integer`. [assign-type-mismatch]
WARN  | InputHandler.lua:302:9 | Cannot assign `number` to `integer`. [assign-type-mismatch]
WARN  | InputHandler.lua:304:9 | Cannot assign `number` to `integer`. [assign-type-mismatch]
WARN  | InputHandler.lua:306:9 | Cannot assign `number` to `integer`. [assign-type-mismatch]
WARN  | InputHandler.lua:308:9 | Cannot assign `number` to `integer`. [assign-type-mismatch]
WARN  | InputHandler.lua:314:5 | Cannot assign `number` to `integer`. [assign-type-mismatch]
WARN  | InputHandler.lua:323:5 | Cannot assign `number` to `integer`. [assign-type-mismatch]
WARN  | InputHandler.lua:324:5 | Cannot assign `number` to `integer`. [assign-type-mismatch]
WARN  | InputHandler.lua:330:5 | Cannot assign `number` to `integer`. [assign-type-mismatch]
WARN  | InputHandler.lua:331:5 | Cannot assign `number` to `integer`. [assign-type-mismatch]
WARN  | InputHandler.lua:349:5 | Cannot assign `number` to `integer`. [assign-type-mismatch]
WARN  | InputHandler.lua:350:5 | Cannot assign `number` to `integer`. [assign-type-mismatch]
WARN  | InputHandler.lua:355:5 | Cannot assign `number` to `integer`. [assign-type-mismatch]
WARN  | InputHandler.lua:579:13 | Cannot assign `number` to `integer`. [assign-type-mismatch]
WARN  | InputHandler.lua:836:17 | Cannot assign `number` to `integer`. [assign-type-mismatch]
WARN  | InputHandler.lua:903:17 | Cannot assign `number` to `integer`. [assign-type-mismatch]
WARN  | InputHandler.lua:928:13 | Cannot assign `number` to `integer`. [assign-type-mismatch]
WARN  | InputHandler.lua:1040:13 | Cannot assign `number` to `integer`. [assign-type-mismatch]
WARN  | InputHandler.lua:1127:13 | Cannot assign `number` to `integer`. [assign-type-mismatch]
WARN  | InputHandler.lua:1138:13 | Cannot assign `number` to `integer`. [assign-type-mismatch]
WARN  | InputHandler.lua:1160:13 | Cannot assign `number` to `integer`. [assign-type-mismatch]
WARN  | InputHandler.lua:1171:13 | Cannot assign `number` to `integer`. [assign-type-mismatch]
WARN  | InputHandler.lua:1212:13 | Cannot assign `number` to `integer`. [assign-type-mismatch]
WARN  | InputHandler.lua:1224:5 | Cannot assign `number` to `integer`. [assign-type-mismatch]
WARN  | InputHandler.lua:1225:5 | Cannot assign `number` to `integer`. [assign-type-mismatch]
WARN  | InputHandler.lua:1247:5 | Cannot assign `number` to `integer`. [assign-type-mismatch]
WARN  | InputHandler.lua:1261:13 | Cannot assign `number` to `integer`. [assign-type-mismatch]
WARN  | InputHandler.lua:1263:13 | Cannot assign `number` to `integer`. [assign-type-mismatch]
WARN  | InputHandler.lua:1288:13 | Cannot assign `number` to `integer`. [assign-type-mismatch]
WARN  | InputHandler.lua:1332:13 | Cannot assign `number` to `integer`. [assign-type-mismatch]
WARN  | InputHandler.lua:1336:13 | Cannot assign `number` to `integer`. [assign-type-mismatch]
WARN  | InputHandler.lua:1337:13 | Cannot assign `number` to `integer`. [assign-type-mismatch]
WARN  | InputHandler.lua:1439:9 | Cannot assign `number` to `integer`. [assign-type-mismatch]
WARN  | InputHandler.lua:1543:9 | Cannot assign `never` to `integer`. [assign-type-mismatch]
WARN  | InputHandler.lua:1544:9 | Cannot assign `never` to `integer`. [assign-type-mismatch]
WARN  | InputHandler.lua:1545:9 | Cannot assign `never` to `boolean`. [assign-type-mismatch]
WARN  | InputHandler.lua:1546:31 | Cannot assign `never` to `integer`. [assign-type-mismatch]
WARN  | InputHandler.lua:1604:9 | Cannot assign `number` to `integer`. [assign-type-mismatch]
WARN  | InputHandler.lua:1605:9 | Cannot assign `number` to `integer`. [assign-type-mismatch]
WARN  | InputHandler.lua:1613:9 | Cannot assign `number` to `integer`. [assign-type-mismatch]
WARN  | InputHandler.lua:1614:9 | Cannot assign `number` to `integer`. [assign-type-mismatch]
WARN  | InputHandler.lua:1621:9 | Cannot assign `number` to `integer`. [assign-type-mismatch]
WARN  | InputHandler.lua:1622:9 | Cannot assign `number` to `integer`. [assign-type-mismatch]
WARN  | InputHandler.lua:1711:17 | Cannot assign `number` to `integer`. [assign-type-mismatch]
WARN  | InputHandler.lua:1712:17 | Cannot assign `number` to `integer`. [assign-type-mismatch]
WARN  | InputHandler.lua:1724:5 | Cannot assign `number` to `integer`. [assign-type-mismatch]
WARN  | InputHandler.lua:1760:5 | Cannot assign `number` to `integer`. [assign-type-mismatch]
WARN  | InputHandler.lua:1770:5 | Cannot assign `number` to `integer`. [assign-type-mismatch]
WARN  | InputHandler.lua:1794:5 | Cannot assign `number` to `integer`. [assign-type-mismatch]
WARN  | InputHandler.lua:1818:9 | Cannot assign `number` to `integer`. [assign-type-mismatch]
WARN  | InputHandler.lua:1819:9 | Cannot assign `number` to `integer`. [assign-type-mismatch]
WARN  | InputHandler.lua:1836:5 | Cannot assign `number` to `integer`. [assign-type-mismatch]
WARN  | InputHandler.lua:1837:5 | Cannot assign `number` to `integer`. [assign-type-mismatch]
WARN  | InputHandler.lua:1897:9 | Cannot assign `number` to `integer`. [assign-type-mismatch]
WARN  | InputHandler.lua:1901:9 | Cannot assign `number` to `integer`. [assign-type-mismatch]
WARN  | InputHandler.lua:2020:9 | Cannot assign `number` to `integer`. [assign-type-mismatch]
WARN  | LevelFileIO.lua:52:36 | expected `integer` but found `number`. [param-type-mismatch]
WARN  | LevelFileIO.lua:53:39 | expected `integer` but found `number`. [param-type-mismatch]
WARN  | LevelFileIO.lua:63:28 | Cannot assign `number` to `integer`. [assign-type-mismatch]
WARN  | MapData.lua:77:8 | Impossible `if` statement: this condition is always falsy [unnecessary-if]
WARN  | MapData.lua:78:8 | Impossible `if` statement: this condition is always falsy [unnecessary-if]
WARN  | MapData.lua:83:8 | Impossible `if` statement: this condition is always falsy [unnecessary-if]
WARN  | MapData.lua:86:8 | Impossible `if` statement: this condition is always falsy [unnecessary-if]
WARN  | MapData.lua:89:8 | Impossible `if` statement: this condition is always falsy [unnecessary-if]
WARN  | MapData.lua:92:8 | Impossible `if` statement: this condition is always falsy [unnecessary-if]
WARN  | MapData.lua:65:5 | Cannot assign `number` to `integer`. [assign-type-mismatch]
WARN  | MapData.lua:66:5 | Cannot assign `number` to `integer`. [assign-type-mismatch]
WARN  | Persistence.lua:71:8 | Impossible `if` statement: this condition is always falsy [unnecessary-if]
WARN  | Persistence.lua:75:8 | Impossible `if` statement: this condition is always falsy [unnecessary-if]
WARN  | Persistence.lua:78:8 | Impossible `if` statement: this condition is always falsy [unnecessary-if]
WARN  | Persistence.lua:81:8 | Impossible `if` statement: this condition is always falsy [unnecessary-if]
WARN  | Persistence.lua:102:8 | Impossible `if` statement: this condition is always falsy [unnecessary-if]
WARN  | Persistence.lua:125:8 | Impossible `if` statement: this condition is always falsy [unnecessary-if]
WARN  | Persistence.lua:132:8 | Impossible `if` statement: this condition is always falsy [unnecessary-if]
WARN  | Persistence.lua:139:8 | Impossible `if` statement: this condition is always falsy [unnecessary-if]
WARN  | Persistence.lua:349:8 | Impossible `if` statement: this condition is always falsy [unnecessary-if]
WARN  | PipeSystem.lua:74:8 | Unnecessary `if` statement: this condition is always truthy [unnecessary-if]
WARN  | PipeSystem.lua:129:8 | Unnecessary `if` statement: this condition is always truthy [unnecessary-if]
WARN  | PipeSystem.lua:133:8 | Impossible `if` statement: this condition is always falsy [unnecessary-if]
WARN  | PipeSystem.lua:138:8 | Impossible `if` statement: this condition is always falsy [unnecessary-if]
WARN  | PipeSystem.lua:166:8 | Unnecessary `if` statement: this condition is always truthy [unnecessary-if]
WARN  | PipeSystem.lua:224:24 | Impossible `if` statement: this condition is always falsy [unnecessary-if]
WARN  | PipeSystem.lua:326:8 | Impossible `if` statement: this condition is always falsy [unnecessary-if]
WARN  | PipeSystem.lua:332:8 | Impossible `if` statement: this condition is always falsy [unnecessary-if]
WARN  | PipeSystem.lua:32:48 | expected `number?` but found `never`. [param-type-mismatch]
WARN  | PipeSystem.lua:48:82 | expected `number` but found `never`. [param-type-mismatch]
WARN  | PipeSystem.lua:20:7 | Cannot assign `nil` to `SoundSource`. [assign-type-mismatch]
WARN  | PipeSystem.lua:136:9 | Cannot assign `nil` to `SoundSource`. [assign-type-mismatch]
WARN  | Placement.lua:23:8 | Impossible `if` statement: this condition is always falsy [unnecessary-if]
WARN  | Placement.lua:25:12 | Impossible `if` statement: this condition is always falsy [unnecessary-if]
WARN  | Placement.lua:27:12 | Impossible `if` statement: this condition is always falsy [unnecessary-if]
WARN  | Placement.lua:29:12 | Impossible `if` statement: this condition is always falsy [unnecessary-if]
WARN  | Placement.lua:31:12 | Impossible `if` statement: this condition is always falsy [unnecessary-if]
WARN  | Placement.lua:33:12 | Impossible `if` statement: this condition is always falsy [unnecessary-if]
WARN  | Placement.lua:102:8 | Impossible `if` statement: this condition is always falsy [unnecessary-if]
WARN  | Placement.lua:104:12 | Impossible `if` statement: this condition is always falsy [unnecessary-if]
WARN  | Placement.lua:254:12 | Impossible `if` statement: this condition is always falsy [unnecessary-if]
WARN  | Placement.lua:72:37 | expected `number` but found `never`. [param-type-mismatch]
WARN  | Placement.lua:83:37 | expected `number` but found `never`. [param-type-mismatch]
WARN  | Placement.lua:91:53 | expected `number?` but found `never`. [param-type-mismatch]
WARN  | Placement.lua:112:37 | expected `number` but found `never`. [param-type-mismatch]
WARN  | Placement.lua:123:47 | expected `number?` but found `never`. [param-type-mismatch]
WARN  | Placement.lua:127:37 | expected `number` but found `never`. [param-type-mismatch]
WARN  | Placement.lua:178:30 | expected `number?` but found `never`. [param-type-mismatch]
WARN  | Placement.lua:184:34 | expected `number?` but found `never`. [param-type-mismatch]
WARN  | Placement.lua:193:34 | expected `number?` but found `never`. [param-type-mismatch]
WARN  | Placement.lua:213:37 | expected `integer?` but found `number`. [param-type-mismatch]
WARN  | Placement.lua:233:46 | expected `number?` but found `never`. [param-type-mismatch]
WARN  | Placement.lua:235:53 | expected `number` but found `never`. [param-type-mismatch]
WARN  | Placement.lua:230:27 | anchorRow value may be nil [need-check-nil]
WARN  | Placement.lua:52:5 | Cannot assign `number` to `integer`. [assign-type-mismatch]
WARN  | Placement.lua:53:5 | Cannot assign `number` to `integer`. [assign-type-mismatch]
WARN  | Placement.lua:97:9 | Cannot assign `number` to `integer`. [assign-type-mismatch]
WARN  | Placement.lua:215:9 | Cannot assign `number` to `integer`. [assign-type-mismatch]
WARN  | PlayMode.lua:376:12 | Impossible `if` statement: this condition is always falsy [unnecessary-if]
WARN  | PlayMode.lua:391:16 | Impossible `if` statement: this condition is always falsy [unnecessary-if]
WARN  | PlayMode.lua:400:16 | Impossible `if` statement: this condition is always falsy [unnecessary-if]
WARN  | PlayMode.lua:418:16 | Impossible `if` statement: this condition is always falsy [unnecessary-if]
WARN  | PlayMode.lua:498:20 | Impossible `if` statement: this condition is always falsy [unnecessary-if]
WARN  | PlayMode.lua:519:8 | Impossible `if` statement: this condition is always falsy [unnecessary-if]
WARN  | PlayMode.lua:627:8 | Impossible `if` statement: this condition is always falsy [unnecessary-if]
WARN  | PlayMode.lua:645:8 | Impossible `if` statement: this condition is always falsy [unnecessary-if]
WARN  | PlayMode.lua:650:8 | Impossible `if` statement: this condition is always falsy [unnecessary-if]
WARN  | PlayMode.lua:681:8 | Impossible `if` statement: this condition is always falsy [unnecessary-if]
WARN  | PlayMode.lua:697:8 | Impossible `if` statement: this condition is always falsy [unnecessary-if]
WARN  | PlayMode.lua:698:12 | Impossible `if` statement: this condition is always falsy [unnecessary-if]
WARN  | PlayMode.lua:705:16 | Impossible `if` statement: this condition is always falsy [unnecessary-if]
WARN  | PlayMode.lua:709:20 | Impossible `if` statement: this condition is always falsy [unnecessary-if]
WARN  | PlayMode.lua:717:8 | Impossible `if` statement: this condition is always falsy [unnecessary-if]
WARN  | PlayMode.lua:807:8 | Unnecessary `if` statement: this condition is always truthy [unnecessary-if]
WARN  | PlayMode.lua:855:8 | Impossible `if` statement: this condition is always falsy [unnecessary-if]
WARN  | PlayMode.lua:856:12 | Impossible `if` statement: this condition is always falsy [unnecessary-if]
WARN  | PlayMode.lua:867:12 | Impossible `if` statement: this condition is always falsy [unnecessary-if]
WARN  | PlayMode.lua:882:8 | Impossible `if` statement: this condition is always falsy [unnecessary-if]
WARN  | PlayMode.lua:893:8 | Impossible `if` statement: this condition is always falsy [unnecessary-if]
WARN  | PlayMode.lua:901:8 | Unnecessary `if` statement: this condition is always truthy [unnecessary-if]
WARN  | PlayMode.lua:902:8 | Impossible `if` statement: this condition is always falsy [unnecessary-if]
WARN  | PlayMode.lua:950:8 | Impossible `if` statement: this condition is always falsy [unnecessary-if]
WARN  | PlayMode.lua:1038:8 | Impossible `if` statement: this condition is always falsy [unnecessary-if]
WARN  | PlayMode.lua:1088:8 | Impossible `if` statement: this condition is always falsy [unnecessary-if]
WARN  | PlayMode.lua:1120:12 | Impossible `if` statement: this condition is always falsy [unnecessary-if]
WARN  | PlayMode.lua:1139:16 | Impossible `if` statement: this condition is always falsy [unnecessary-if]
WARN  | PlayMode.lua:1147:12 | Unnecessary `if` statement: this condition is always truthy [unnecessary-if]
WARN  | PlayMode.lua:1164:16 | Impossible `if` statement: this condition is always falsy [unnecessary-if]
WARN  | PlayMode.lua:1189:12 | Impossible `if` statement: this condition is always falsy [unnecessary-if]
WARN  | PlayMode.lua:1238:8 | Impossible `if` statement: this condition is always falsy [unnecessary-if]
WARN  | PlayMode.lua:1239:8 | Impossible `if` statement: this condition is always falsy [unnecessary-if]
WARN  | PlayMode.lua:1248:8 | Impossible `if` statement: this condition is always falsy [unnecessary-if]
WARN  | PlayMode.lua:1268:16 | Impossible `if` statement: this condition is always falsy [unnecessary-if]
WARN  | PlayMode.lua:1299:12 | Impossible `if` statement: this condition is always falsy [unnecessary-if]
WARN  | PlayMode.lua:1313:8 | Impossible `if` statement: this condition is always falsy [unnecessary-if]
WARN  | PlayMode.lua:1314:12 | Impossible `if` statement: this condition is always falsy [unnecessary-if]
WARN  | PlayMode.lua:1357:8 | Unnecessary `if` statement: this condition is always truthy [unnecessary-if]
WARN  | PlayMode.lua:1358:8 | Unnecessary `if` statement: this condition is always truthy [unnecessary-if]
WARN  | PlayMode.lua:1399:8 | Unnecessary `if` statement: this condition is always truthy [unnecessary-if]
WARN  | PlayMode.lua:1488:8 | Impossible `if` statement: this condition is always falsy [unnecessary-if]
WARN  | PlayMode.lua:1854:8 | Impossible `if` statement: this condition is always falsy [unnecessary-if]
WARN  | PlayMode.lua:1855:8 | Impossible `if` statement: this condition is always falsy [unnecessary-if]
WARN  | PlayMode.lua:1873:8 | Unnecessary `if` statement: this condition is always truthy [unnecessary-if]
WARN  | PlayMode.lua:1876:8 | Impossible `if` statement: this condition is always falsy [unnecessary-if]
WARN  | PlayMode.lua:1917:12 | Impossible `if` statement: this condition is always falsy [unnecessary-if]
WARN  | PlayMode.lua:1881:16 | Impossible `if` statement: this condition is always falsy [unnecessary-if]
WARN  | PlayMode.lua:1929:8 | Unnecessary `if` statement: this condition is always truthy [unnecessary-if]
WARN  | PlayMode.lua:1930:8 | Unnecessary `if` statement: this condition is always truthy [unnecessary-if]
WARN  | PlayMode.lua:2029:8 | Impossible `if` statement: this condition is always falsy [unnecessary-if]
WARN  | PlayMode.lua:2156:8 | Unnecessary `if` statement: this condition is always truthy [unnecessary-if]
WARN  | PlayMode.lua:2161:12 | Impossible `if` statement: this condition is always falsy [unnecessary-if]
WARN  | PlayMode.lua:2166:12 | Impossible `if` statement: this condition is always falsy [unnecessary-if]
WARN  | PlayMode.lua:2157:12 | Impossible `if` statement: this condition is always falsy [unnecessary-if]
WARN  | PlayMode.lua:2162:12 | Impossible `if` statement: this condition is always falsy [unnecessary-if]
WARN  | PlayMode.lua:2173:16 | Impossible `if` statement: this condition is always falsy [unnecessary-if]
WARN  | PlayMode.lua:2205:8 | Impossible `if` statement: this condition is always falsy [unnecessary-if]
WARN  | PlayMode.lua:2207:12 | Impossible `if` statement: this condition is always falsy [unnecessary-if]
WARN  | PlayMode.lua:2287:8 | Impossible `if` statement: this condition is always falsy [unnecessary-if]
WARN  | PlayMode.lua:2527:8 | Impossible `if` statement: this condition is always falsy [unnecessary-if]
WARN  | PlayMode.lua:2533:16 | Impossible `if` statement: this condition is always falsy [unnecessary-if]
WARN  | PlayMode.lua:2563:8 | Unnecessary `if` statement: this condition is always truthy [unnecessary-if]
WARN  | PlayMode.lua:2986:8 | Impossible `if` statement: this condition is always falsy [unnecessary-if]
WARN  | PlayMode.lua:3029:8 | Impossible `if` statement: this condition is always falsy [unnecessary-if]
WARN  | PlayMode.lua:3531:8 | Unnecessary `if` statement: this condition is always truthy [unnecessary-if]
WARN  | PlayMode.lua:3723:8 | Impossible `if` statement: this condition is always falsy [unnecessary-if]
WARN  | PlayMode.lua:3725:12 | Impossible `if` statement: this condition is always falsy [unnecessary-if]
WARN  | PlayMode.lua:3819:8 | Unnecessary `if` statement: this condition is always truthy [unnecessary-if]
WARN  | PlayMode.lua:3832:8 | Impossible `if` statement: this condition is always falsy [unnecessary-if]
WARN  | PlayMode.lua:3839:8 | Unnecessary `if` statement: this condition is always truthy [unnecessary-if]
WARN  | PlayMode.lua:3852:8 | Impossible `if` statement: this condition is always falsy [unnecessary-if]
WARN  | PlayMode.lua:3854:12 | Impossible `if` statement: this condition is always falsy [unnecessary-if]
WARN  | PlayMode.lua:3929:8 | Unnecessary `if` statement: this condition is always truthy [unnecessary-if]
WARN  | PlayMode.lua:3937:8 | Unnecessary `if` statement: this condition is always truthy [unnecessary-if]
WARN  | PlayMode.lua:3939:12 | Impossible `if` statement: this condition is always falsy [unnecessary-if]
WARN  | PlayMode.lua:4046:8 | Impossible `if` statement: this condition is always falsy [unnecessary-if]
WARN  | PlayMode.lua:4121:8 | Impossible `if` statement: this condition is always falsy [unnecessary-if]
WARN  | PlayMode.lua:4135:8 | Impossible `if` statement: this condition is always falsy [unnecessary-if]
WARN  | PlayMode.lua:4198:8 | Impossible `if` statement: this condition is always falsy [unnecessary-if]
WARN  | PlayMode.lua:4313:20 | Impossible `if` statement: this condition is always falsy [unnecessary-if]
WARN  | PlayMode.lua:392:17 | Cannot call expression of type `never`. [call-non-callable]
WARN  | PlayMode.lua:406:30 | Cannot call expression of type `never`. [call-non-callable]
WARN  | PlayMode.lua:407:27 | Cannot call expression of type `never`. [call-non-callable]
WARN  | PlayMode.lua:410:30 | Cannot call expression of type `never`. [call-non-callable]
WARN  | PlayMode.lua:628:9 | Cannot call expression of type `never`. [call-non-callable]
WARN  | PlayMode.lua:632:22 | Cannot call expression of type `never`. [call-non-callable]
WARN  | PlayMode.lua:651:9 | Cannot call expression of type `never`. [call-non-callable]
WARN  | PlayMode.lua:654:22 | Cannot call expression of type `never`. [call-non-callable]
WARN  | PlayMode.lua:655:19 | Cannot call expression of type `never`. [call-non-callable]
WARN  | PlayMode.lua:658:22 | Cannot call expression of type `never`. [call-non-callable]
WARN  | PlayMode.lua:682:9 | Cannot call expression of type `never`. [call-non-callable]
WARN  | PlayMode.lua:703:13 | Cannot call expression of type `never`. [call-non-callable]
WARN  | PlayMode.lua:711:17 | Cannot call expression of type `never`. [call-non-callable]
WARN  | PlayMode.lua:761:30 | Cannot call expression of type `never`. [call-non-callable]
WARN  | PlayMode.lua:769:64 | Cannot call expression of type `never`. [call-non-callable]
WARN  | PlayMode.lua:848:5 | Cannot call expression of type `never`. [call-non-callable]
WARN  | PlayMode.lua:849:5 | Cannot call expression of type `never`. [call-non-callable]
WARN  | PlayMode.lua:1656:18 | Cannot call expression of type `never`. [call-non-callable]
WARN  | PlayMode.lua:1729:5 | Cannot call expression of type `never`. [call-non-callable]
WARN  | PlayMode.lua:1730:22 | Cannot call expression of type `never`. [call-non-callable]
WARN  | PlayMode.lua:1733:5 | Cannot call expression of type `never`. [call-non-callable]
WARN  | PlayMode.lua:1734:20 | Cannot call expression of type `never`. [call-non-callable]
WARN  | PlayMode.lua:1735:5 | Cannot call expression of type `never`. [call-non-callable]
WARN  | PlayMode.lua:1903:68 | Cannot call expression of type `never`. [call-non-callable]
WARN  | PlayMode.lua:1907:21 | Cannot call expression of type `never`. [call-non-callable]
WARN  | PlayMode.lua:2031:9 | Cannot call expression of type `never`. [call-non-callable]
WARN  | PlayMode.lua:2032:26 | Cannot call expression of type `never`. [call-non-callable]
WARN  | PlayMode.lua:2133:5 | Cannot call expression of type `never`. [call-non-callable]
WARN  | PlayMode.lua:2175:17 | Cannot call expression of type `never`. [call-non-callable]
WARN  | PlayMode.lua:2266:5 | Cannot call expression of type `never`. [call-non-callable]
WARN  | PlayMode.lua:2276:52 | Cannot call expression of type `never`. [call-non-callable]
WARN  | PlayMode.lua:2288:9 | Cannot call expression of type `never`. [call-non-callable]
WARN  | PlayMode.lua:2289:26 | Cannot call expression of type `never`. [call-non-callable]
WARN  | PlayMode.lua:2292:5 | Cannot call expression of type `never`. [call-non-callable]
WARN  | PlayMode.lua:2335:23 | Cannot call expression of type `never`. [call-non-callable]
WARN  | PlayMode.lua:2350:16 | Cannot call expression of type `never`. [call-non-callable]
WARN  | PlayMode.lua:2355:64 | Cannot call expression of type `never`. [call-non-callable]
WARN  | PlayMode.lua:2378:17 | Cannot call expression of type `never`. [call-non-callable]
WARN  | PlayMode.lua:2392:56 | Cannot call expression of type `never`. [call-non-callable]
WARN  | PlayMode.lua:2406:39 | Cannot call expression of type `never`. [call-non-callable]
WARN  | PlayMode.lua:2429:5 | Cannot call expression of type `never`. [call-non-callable]
WARN  | PlayMode.lua:2430:22 | Cannot call expression of type `never`. [call-non-callable]
WARN  | PlayMode.lua:3415:21 | Cannot call expression of type `never`. [call-non-callable]
WARN  | PlayMode.lua:3433:5 | Cannot call expression of type `never`. [call-non-callable]
WARN  | PlayMode.lua:3439:5 | Cannot call expression of type `never`. [call-non-callable]
WARN  | PlayMode.lua:3458:5 | Cannot call expression of type `never`. [call-non-callable]
WARN  | PlayMode.lua:3468:5 | Cannot call expression of type `never`. [call-non-callable]
WARN  | PlayMode.lua:183:47 | expected `number?` but found `never`. [param-type-mismatch]
WARN  | PlayMode.lua:204:47 | expected `number?` but found `never`. [param-type-mismatch]
WARN  | PlayMode.lua:238:52 | expected `number?` but found `never`. [param-type-mismatch]
WARN  | PlayMode.lua:271:47 | expected `number?` but found `never`. [param-type-mismatch]
WARN  | PlayMode.lua:346:47 | expected `number?` but found `never`. [param-type-mismatch]
WARN  | PlayMode.lua:763:41 | expected `sync fun(...: unknown) -> R ...` but found `never`. [param-type-mismatch]
WARN  | PlayMode.lua:1200:56 | expected `number?` but found `never`. [param-type-mismatch]
WARN  | PlayMode.lua:1216:56 | expected `number?` but found `never`. [param-type-mismatch]
WARN  | PlayMode.lua:1286:52 | expected `number?` but found `never`. [param-type-mismatch]
WARN  | PlayMode.lua:1387:50 | expected `number?` but found `never`. [param-type-mismatch]
WARN  | PlayMode.lua:1658:29 | expected `sync fun(...: unknown) -> R ...` but found `never`. [param-type-mismatch]
WARN  | PlayMode.lua:1936:18 | expected `NVGContextWrapper` but found `nil`. [param-type-mismatch]
WARN  | PlayMode.lua:1937:13 | expected `NVGContextWrapper` but found `nil`. [param-type-mismatch]
WARN  | PlayMode.lua:1938:18 | expected `NVGContextWrapper` but found `nil`. [param-type-mismatch]
WARN  | PlayMode.lua:1939:13 | expected `NVGContextWrapper` but found `nil`. [param-type-mismatch]
WARN  | PlayMode.lua:2461:46 | expected `NVGContextWrapper` but found `nil`. [param-type-mismatch]
WARN  | PlayMode.lua:2471:54 | expected `NVGContextWrapper` but found `nil`. [param-type-mismatch]
WARN  | PlayMode.lua:2472:34 | expected `NVGContextWrapper` but found `nil`. [param-type-mismatch]
WARN  | PlayMode.lua:2473:29 | expected `NVGContextWrapper` but found `nil`. [param-type-mismatch]
WARN  | PlayMode.lua:2474:34 | expected `NVGContextWrapper` but found `nil`. [param-type-mismatch]
WARN  | PlayMode.lua:2475:29 | expected `NVGContextWrapper` but found `nil`. [param-type-mismatch]
WARN  | PlayMode.lua:2501:22 | expected `NVGContextWrapper` but found `nil`. [param-type-mismatch]
WARN  | PlayMode.lua:2502:19 | expected `NVGContextWrapper` but found `nil`. [param-type-mismatch]
WARN  | PlayMode.lua:2503:22 | expected `NVGContextWrapper` but found `nil`. [param-type-mismatch]
WARN  | PlayMode.lua:2504:17 | expected `NVGContextWrapper` but found `nil`. [param-type-mismatch]
WARN  | PlayMode.lua:3298:48 | expected `number?` but found `never`. [param-type-mismatch]
WARN  | PlayMode.lua:3492:22 | expected `integer` but found `number`. [param-type-mismatch]
WARN  | PlayMode.lua:3525:22 | expected `integer` but found `number`. [param-type-mismatch]
WARN  | PlayMode.lua:3535:22 | expected `integer` but found `number`. [param-type-mismatch]
WARN  | PlayMode.lua:3589:18 | expected `NVGContextWrapper` but found `userdata`. [param-type-mismatch]
WARN  | PlayMode.lua:3600:38 | expected `NVGContextWrapper` but found `userdata`. [param-type-mismatch]
WARN  | PlayMode.lua:3601:33 | expected `NVGContextWrapper` but found `userdata`. [param-type-mismatch]
WARN  | PlayMode.lua:3602:33 | expected `NVGContextWrapper` but found `userdata`. [param-type-mismatch]
WARN  | PlayMode.lua:3684:26 | expected `table` but found `nil`. [param-type-mismatch]
WARN  | PlayMode.lua:3706:26 | expected `table` but found `nil`. [param-type-mismatch]
WARN  | PlayMode.lua:4174:34 | expected `number?` but found `never`. [param-type-mismatch]
WARN  | PlayMode.lua:4178:34 | expected `number?` but found `never`. [param-type-mismatch]
WARN  | PlayMode.lua:4182:66 | expected `number` but found `never`. [param-type-mismatch]
WARN  | PlayMode.lua:116:16 | C.CHAR_SHAPE[row] may be nil [need-check-nil]
WARN  | PlayMode.lua:134:16 | C.CHAR_SHAPE[row] may be nil [need-check-nil]
WARN  | PlayMode.lua:161:29 | p may be nil [need-check-nil]
WARN  | PlayMode.lua:161:36 | p may be nil [need-check-nil]
WARN  | PlayMode.lua:162:26 | p may be nil [need-check-nil]
WARN  | PlayMode.lua:162:33 | p may be nil [need-check-nil]
WARN  | PlayMode.lua:392:17 | FogOfWar may be nil [need-check-nil]
WARN  | PlayMode.lua:406:30 | FogOfWar may be nil [need-check-nil]
WARN  | PlayMode.lua:407:27 | FogOfWar may be nil [need-check-nil]
WARN  | PlayMode.lua:410:30 | FogOfWar may be nil [need-check-nil]
WARN  | PlayMode.lua:628:9 | FogOfWar may be nil [need-check-nil]
WARN  | PlayMode.lua:632:22 | FogOfWar may be nil [need-check-nil]
WARN  | PlayMode.lua:651:9 | FogOfWar may be nil [need-check-nil]
WARN  | PlayMode.lua:654:22 | FogOfWar may be nil [need-check-nil]
WARN  | PlayMode.lua:655:19 | FogOfWar may be nil [need-check-nil]
WARN  | PlayMode.lua:658:22 | FogOfWar may be nil [need-check-nil]
WARN  | PlayMode.lua:682:9 | FogOfWar may be nil [need-check-nil]
WARN  | PlayMode.lua:703:13 | FogOfWar may be nil [need-check-nil]
WARN  | PlayMode.lua:711:17 | WorldMapEditor may be nil [need-check-nil]
WARN  | PlayMode.lua:761:30 | CloudStorage may be nil [need-check-nil]
WARN  | PlayMode.lua:763:41 | cjson may be nil [need-check-nil]
WARN  | PlayMode.lua:769:64 | FogOfWar may be nil [need-check-nil]
WARN  | PlayMode.lua:848:5 | FogOfWar may be nil [need-check-nil]
WARN  | PlayMode.lua:849:5 | FogOfWar may be nil [need-check-nil]
WARN  | PlayMode.lua:1448:21 | col value may be nil [need-check-nil]
WARN  | PlayMode.lua:1449:21 | row value may be nil [need-check-nil]
WARN  | PlayMode.lua:1656:18 | CloudStorage may be nil [need-check-nil]
WARN  | PlayMode.lua:1658:29 | cjson may be nil [need-check-nil]
WARN  | PlayMode.lua:1729:5 | FogOfWar may be nil [need-check-nil]
WARN  | PlayMode.lua:1730:22 | FogOfWar may be nil [need-check-nil]
WARN  | PlayMode.lua:1733:5 | FogOfWar may be nil [need-check-nil]
WARN  | PlayMode.lua:1734:20 | FogOfWar may be nil [need-check-nil]
WARN  | PlayMode.lua:1735:5 | FogOfWar may be nil [need-check-nil]
WARN  | PlayMode.lua:1903:68 | FogOfWar may be nil [need-check-nil]
WARN  | PlayMode.lua:1907:21 | FogOfWar may be nil [need-check-nil]
WARN  | PlayMode.lua:2031:9 | FogOfWar may be nil [need-check-nil]
WARN  | PlayMode.lua:2032:26 | FogOfWar may be nil [need-check-nil]
WARN  | PlayMode.lua:2133:5 | FogOfWar may be nil [need-check-nil]
WARN  | PlayMode.lua:2175:17 | WorldMapEditor may be nil [need-check-nil]
WARN  | PlayMode.lua:2266:5 | FogOfWar may be nil [need-check-nil]
WARN  | PlayMode.lua:2276:52 | FogOfWar may be nil [need-check-nil]
WARN  | PlayMode.lua:2288:9 | FogOfWar may be nil [need-check-nil]
WARN  | PlayMode.lua:2289:26 | FogOfWar may be nil [need-check-nil]
WARN  | PlayMode.lua:2292:5 | FogOfWar may be nil [need-check-nil]
WARN  | PlayMode.lua:2335:23 | WorldMapEditor may be nil [need-check-nil]
WARN  | PlayMode.lua:2350:16 | CloudStorage may be nil [need-check-nil]
WARN  | PlayMode.lua:2355:64 | FogOfWar may be nil [need-check-nil]
WARN  | PlayMode.lua:2378:17 | FogOfWar may be nil [need-check-nil]
WARN  | PlayMode.lua:2392:56 | FogOfWar may be nil [need-check-nil]
WARN  | PlayMode.lua:2406:39 | LevelGenerator may be nil [need-check-nil]
WARN  | PlayMode.lua:2429:5 | FogOfWar may be nil [need-check-nil]
WARN  | PlayMode.lua:2430:22 | FogOfWar may be nil [need-check-nil]
WARN  | PlayMode.lua:2761:16 | shape[r] may be nil [need-check-nil]
WARN  | PlayMode.lua:2768:20 | coreMask[r] may be nil [need-check-nil]
WARN  | PlayMode.lua:2768:20 | coreMask may be nil [need-check-nil]
WARN  | PlayMode.lua:2916:16 | shape[r] may be nil [need-check-nil]
WARN  | PlayMode.lua:2916:16 | shape may be nil [need-check-nil]
WARN  | PlayMode.lua:2921:53 | baseColor may be nil [need-check-nil]
WARN  | PlayMode.lua:2922:53 | baseColor may be nil [need-check-nil]
WARN  | PlayMode.lua:2923:53 | baseColor may be nil [need-check-nil]
WARN  | PlayMode.lua:3415:21 | FogOfWar may be nil [need-check-nil]
WARN  | PlayMode.lua:3433:5 | FogOfWar may be nil [need-check-nil]
WARN  | PlayMode.lua:3439:5 | FogOfWar may be nil [need-check-nil]
WARN  | PlayMode.lua:3458:5 | FogOfWar may be nil [need-check-nil]
WARN  | PlayMode.lua:3468:5 | FogOfWar may be nil [need-check-nil]
WARN  | PlayMode.lua:3599:24 | rowStr may be nil [need-check-nil]
WARN  | PlayMode.lua:3751:28 | c may be nil [need-check-nil]
WARN  | PlayMode.lua:3751:38 | c may be nil [need-check-nil]
WARN  | PlayMode.lua:3751:48 | c may be nil [need-check-nil]
WARN  | PlayMode.lua:778:13 | Cannot assign `number` to `integer`. [assign-type-mismatch]
WARN  | PlayMode.lua:835:9 | Cannot assign `number` to `integer`. [assign-type-mismatch]
WARN  | PlayMode.lua:838:13 | Cannot assign `number` to `integer`. [assign-type-mismatch]
WARN  | PlayMode.lua:857:13 | Cannot assign `number` to `integer`. [assign-type-mismatch]
WARN  | PlayMode.lua:883:9 | Cannot assign `number` to `integer`. [assign-type-mismatch]
WARN  | PlayMode.lua:1101:17 | Cannot assign `number` to `integer`. [assign-type-mismatch]
WARN  | PlayMode.lua:1165:17 | Cannot assign `number` to `integer`. [assign-type-mismatch]
WARN  | PlayMode.lua:1582:13 | Cannot assign `number` to `integer`. [assign-type-mismatch]
WARN  | PlayMode.lua:1585:9 | Cannot assign `number` to `integer`. [assign-type-mismatch]
WARN  | PlayMode.lua:1638:5 | Cannot assign `number` to `integer`. [assign-type-mismatch]
WARN  | PlayMode.lua:1648:5 | Cannot assign `number` to `integer`. [assign-type-mismatch]
WARN  | PlayMode.lua:1664:5 | Cannot assign `number` to `integer`. [assign-type-mismatch]
WARN  | PlayMode.lua:1821:5 | Cannot assign `number` to `integer`. [assign-type-mismatch]
WARN  | PlayMode.lua:1830:5 | Cannot assign `number` to `integer`. [assign-type-mismatch]
WARN  | PlayMode.lua:1877:9 | Cannot assign `number` to `integer`. [assign-type-mismatch]
WARN  | PlayMode.lua:1879:13 | Cannot assign `number` to `integer`. [assign-type-mismatch]
WARN  | PlayMode.lua:1918:9 | Cannot assign `number` to `integer`. [assign-type-mismatch]
WARN  | PlayMode.lua:2121:5 | Cannot assign `number` to `integer`. [assign-type-mismatch]
WARN  | PlayMode.lua:2128:5 | Cannot assign `number` to `integer`. [assign-type-mismatch]
WARN  | PlayMode.lua:2214:9 | Cannot assign `number` to `integer`. [assign-type-mismatch]
WARN  | PlayMode.lua:2366:17 | Cannot assign `number` to `integer`. [assign-type-mismatch]
WARN  | PlayMode.lua:3811:5 | Cannot assign `number` to `integer`. [assign-type-mismatch]
WARN  | Sidebar.lua:40:8 | Impossible `if` statement: this condition is always falsy [unnecessary-if]
WARN  | Sidebar.lua:209:8 | Impossible `if` statement: this condition is always falsy [unnecessary-if]
WARN  | Sidebar.lua:222:8 | Impossible `if` statement: this condition is always falsy [unnecessary-if]
WARN  | Sidebar.lua:45:18 | expected `NVGContextWrapper` but found `nil`. [param-type-mismatch]
WARN  | Sidebar.lua:46:13 | expected `NVGContextWrapper` but found `nil`. [param-type-mismatch]
WARN  | Sidebar.lua:47:18 | expected `NVGContextWrapper` but found `nil`. [param-type-mismatch]
WARN  | Sidebar.lua:48:13 | expected `NVGContextWrapper` but found `nil`. [param-type-mismatch]
WARN  | Sidebar.lua:51:18 | expected `NVGContextWrapper` but found `nil`. [param-type-mismatch]
WARN  | Sidebar.lua:52:15 | expected `NVGContextWrapper` but found `nil`. [param-type-mismatch]
WARN  | Sidebar.lua:53:15 | expected `NVGContextWrapper` but found `nil`. [param-type-mismatch]
WARN  | Sidebar.lua:54:20 | expected `NVGContextWrapper` but found `nil`. [param-type-mismatch]
WARN  | Sidebar.lua:55:20 | expected `NVGContextWrapper` but found `nil`. [param-type-mismatch]
WARN  | Sidebar.lua:56:15 | expected `NVGContextWrapper` but found `nil`. [param-type-mismatch]
WARN  | Sidebar.lua:59:17 | expected `NVGContextWrapper` but found `nil`. [param-type-mismatch]
WARN  | Sidebar.lua:60:17 | expected `NVGContextWrapper` but found `nil`. [param-type-mismatch]
WARN  | Sidebar.lua:61:18 | expected `NVGContextWrapper` but found `nil`. [param-type-mismatch]
WARN  | Sidebar.lua:61:22 | expected `integer` but found `number`. [param-type-mismatch]
WARN  | Sidebar.lua:62:18 | expected `NVGContextWrapper` but found `nil`. [param-type-mismatch]
WARN  | Sidebar.lua:66:18 | expected `NVGContextWrapper` but found `nil`. [param-type-mismatch]
WARN  | Sidebar.lua:67:15 | expected `NVGContextWrapper` but found `nil`. [param-type-mismatch]
WARN  | Sidebar.lua:68:15 | expected `NVGContextWrapper` but found `nil`. [param-type-mismatch]
WARN  | Sidebar.lua:69:20 | expected `NVGContextWrapper` but found `nil`. [param-type-mismatch]
WARN  | Sidebar.lua:70:20 | expected `NVGContextWrapper` but found `nil`. [param-type-mismatch]
WARN  | Sidebar.lua:71:15 | expected `NVGContextWrapper` but found `nil`. [param-type-mismatch]
WARN  | Sidebar.lua:74:13 | expected `NVGContextWrapper` but found `nil`. [param-type-mismatch]
WARN  | Sidebar.lua:75:16 | expected `NVGContextWrapper` but found `nil`. [param-type-mismatch]
WARN  | Sidebar.lua:83:16 | expected `NVGContextWrapper` but found `nil`. [param-type-mismatch]
WARN  | Sidebar.lua:91:22 | expected `integer` but found `number`. [param-type-mismatch]
WARN  | Sidebar.lua:139:22 | expected `integer` but found `number`. [param-type-mismatch]
WARN  | Sidebar.lua:256:5 | Cannot assign `number` to `integer`. [assign-type-mismatch]
WARN  | Toolbar.lua:295:12 | Impossible `if` statement: this condition is always falsy [unnecessary-if]
WARN  | Toolbar.lua:327:8 | Impossible `if` statement: this condition is always falsy [unnecessary-if]
WARN  | Toolbar.lua:408:8 | Impossible `if` statement: this condition is always falsy [unnecessary-if]
WARN  | Toolbar.lua:410:12 | Impossible `if` statement: this condition is always falsy [unnecessary-if]
WARN  | Toolbar.lua:437:12 | Impossible `if` statement: this condition is always falsy [unnecessary-if]
WARN  | Toolbar.lua:453:8 | Impossible `if` statement: this condition is always falsy [unnecessary-if]
WARN  | Toolbar.lua:456:8 | Impossible `if` statement: this condition is always falsy [unnecessary-if]
WARN  | Toolbar.lua:528:12 | Impossible `if` statement: this condition is always falsy [unnecessary-if]
WARN  | Toolbar.lua:621:8 | Impossible `if` statement: this condition is always falsy [unnecessary-if]
WARN  | Toolbar.lua:753:8 | Impossible `if` statement: this condition is always falsy [unnecessary-if]
WARN  | Toolbar.lua:902:8 | Impossible `if` statement: this condition is always falsy [unnecessary-if]
WARN  | Toolbar.lua:926:8 | Unnecessary `if` statement: this condition is always truthy [unnecessary-if]
WARN  | Toolbar.lua:952:12 | Impossible `if` statement: this condition is always falsy [unnecessary-if]
WARN  | Toolbar.lua:1037:8 | Unnecessary `if` statement: this condition is always truthy [unnecessary-if]
WARN  | Toolbar.lua:1072:8 | Unnecessary `if` statement: this condition is always truthy [unnecessary-if]
WARN  | Toolbar.lua:183:22 | expected `integer` but found `number`. [param-type-mismatch]
WARN  | Toolbar.lua:214:22 | expected `integer` but found `number`. [param-type-mismatch]
WARN  | Toolbar.lua:256:22 | expected `integer` but found `number`. [param-type-mismatch]
WARN  | Toolbar.lua:273:18 | expected `NVGContextWrapper` but found `nil`. [param-type-mismatch]
WARN  | Toolbar.lua:274:13 | expected `NVGContextWrapper` but found `nil`. [param-type-mismatch]
WARN  | Toolbar.lua:275:18 | expected `NVGContextWrapper` but found `nil`. [param-type-mismatch]
WARN  | Toolbar.lua:275:40 | expected `NVGContextWrapper` but found `nil`. [param-type-mismatch]
WARN  | Toolbar.lua:277:13 | expected `NVGContextWrapper` but found `nil`. [param-type-mismatch]
WARN  | Toolbar.lua:279:18 | expected `NVGContextWrapper` but found `nil`. [param-type-mismatch]
WARN  | Toolbar.lua:280:15 | expected `NVGContextWrapper` but found `nil`. [param-type-mismatch]
WARN  | Toolbar.lua:281:15 | expected `NVGContextWrapper` but found `nil`. [param-type-mismatch]
WARN  | Toolbar.lua:282:20 | expected `NVGContextWrapper` but found `nil`. [param-type-mismatch]
WARN  | Toolbar.lua:283:20 | expected `NVGContextWrapper` but found `nil`. [param-type-mismatch]
WARN  | Toolbar.lua:284:15 | expected `NVGContextWrapper` but found `nil`. [param-type-mismatch]
WARN  | Toolbar.lua:286:17 | expected `NVGContextWrapper` but found `nil`. [param-type-mismatch]
WARN  | Toolbar.lua:297:26 | expected `NVGContextWrapper` but found `nil`. [param-type-mismatch]
WARN  | Toolbar.lua:298:23 | expected `NVGContextWrapper` but found `nil`. [param-type-mismatch]
WARN  | Toolbar.lua:299:26 | expected `NVGContextWrapper` but found `nil`. [param-type-mismatch]
WARN  | Toolbar.lua:300:21 | expected `NVGContextWrapper` but found `nil`. [param-type-mismatch]
WARN  | Toolbar.lua:317:17 | expected `NVGContextWrapper` but found `nil`. [param-type-mismatch]
WARN  | Toolbar.lua:318:17 | expected `NVGContextWrapper` but found `nil`. [param-type-mismatch]
WARN  | Toolbar.lua:319:18 | expected `NVGContextWrapper` but found `nil`. [param-type-mismatch]
WARN  | Toolbar.lua:319:22 | expected `integer` but found `number`. [param-type-mismatch]
WARN  | Toolbar.lua:322:18 | expected `NVGContextWrapper` but found `nil`. [param-type-mismatch]
WARN  | Toolbar.lua:328:22 | expected `NVGContextWrapper` but found `nil`. [param-type-mismatch]
WARN  | Toolbar.lua:331:22 | expected `NVGContextWrapper` but found `nil`. [param-type-mismatch]
WARN  | Toolbar.lua:345:18 | expected `NVGContextWrapper` but found `nil`. [param-type-mismatch]
WARN  | Toolbar.lua:346:15 | expected `NVGContextWrapper` but found `nil`. [param-type-mismatch]
WARN  | Toolbar.lua:347:15 | expected `NVGContextWrapper` but found `nil`. [param-type-mismatch]
WARN  | Toolbar.lua:348:20 | expected `NVGContextWrapper` but found `nil`. [param-type-mismatch]
WARN  | Toolbar.lua:349:20 | expected `NVGContextWrapper` but found `nil`. [param-type-mismatch]
WARN  | Toolbar.lua:350:15 | expected `NVGContextWrapper` but found `nil`. [param-type-mismatch]
WARN  | Toolbar.lua:387:26 | expected `integer` but found `number`. [param-type-mismatch]
WARN  | Toolbar.lua:541:34 | expected `number` but found `number?`. [param-type-mismatch]
WARN  | Toolbar.lua:541:41 | expected `number` but found `number?`. [param-type-mismatch]
WARN  | Toolbar.lua:541:48 | expected `number` but found `number?`. [param-type-mismatch]
WARN  | Toolbar.lua:578:26 | expected `integer` but found `number`. [param-type-mismatch]
WARN  | Toolbar.lua:720:22 | expected `integer` but found `number`. [param-type-mismatch]
WARN  | Toolbar.lua:739:18 | expected `NVGContextWrapper` but found `nil`. [param-type-mismatch]
WARN  | Toolbar.lua:740:13 | expected `NVGContextWrapper` but found `nil`. [param-type-mismatch]
WARN  | Toolbar.lua:741:18 | expected `NVGContextWrapper` but found `nil`. [param-type-mismatch]
WARN  | Toolbar.lua:742:13 | expected `NVGContextWrapper` but found `nil`. [param-type-mismatch]
WARN  | Toolbar.lua:744:17 | expected `NVGContextWrapper` but found `nil`. [param-type-mismatch]
WARN  | Toolbar.lua:745:17 | expected `NVGContextWrapper` but found `nil`. [param-type-mismatch]
WARN  | Toolbar.lua:746:18 | expected `NVGContextWrapper` but found `nil`. [param-type-mismatch]
WARN  | Toolbar.lua:746:22 | expected `integer` but found `number`. [param-type-mismatch]
WARN  | Toolbar.lua:747:18 | expected `NVGContextWrapper` but found `nil`. [param-type-mismatch]
WARN  | Toolbar.lua:754:22 | expected `NVGContextWrapper` but found `nil`. [param-type-mismatch]
WARN  | Toolbar.lua:754:26 | expected `integer` but found `number`. [param-type-mismatch]
WARN  | Toolbar.lua:755:22 | expected `NVGContextWrapper` but found `nil`. [param-type-mismatch]
WARN  | Toolbar.lua:802:22 | expected `integer` but found `number`. [param-type-mismatch]
WARN  | Toolbar.lua:970:18 | expected `NVGContextWrapper` but found `nil`. [param-type-mismatch]
WARN  | Toolbar.lua:971:20 | expected `NVGContextWrapper` but found `nil`. [param-type-mismatch]
WARN  | Toolbar.lua:972:18 | expected `NVGContextWrapper` but found `nil`. [param-type-mismatch]
WARN  | Toolbar.lua:973:13 | expected `NVGContextWrapper` but found `nil`. [param-type-mismatch]
WARN  | Toolbar.lua:976:18 | expected `NVGContextWrapper` but found `nil`. [param-type-mismatch]
WARN  | Toolbar.lua:977:20 | expected `NVGContextWrapper` but found `nil`. [param-type-mismatch]
WARN  | Toolbar.lua:978:20 | expected `NVGContextWrapper` but found `nil`. [param-type-mismatch]
WARN  | Toolbar.lua:979:20 | expected `NVGContextWrapper` but found `nil`. [param-type-mismatch]
WARN  | Toolbar.lua:980:15 | expected `NVGContextWrapper` but found `nil`. [param-type-mismatch]
WARN  | Toolbar.lua:985:18 | expected `NVGContextWrapper` but found `nil`. [param-type-mismatch]
WARN  | Toolbar.lua:986:15 | expected `NVGContextWrapper` but found `nil`. [param-type-mismatch]
WARN  | Toolbar.lua:987:15 | expected `NVGContextWrapper` but found `nil`. [param-type-mismatch]
WARN  | Toolbar.lua:988:15 | expected `NVGContextWrapper` but found `nil`. [param-type-mismatch]
WARN  | Toolbar.lua:989:18 | expected `NVGContextWrapper` but found `nil`. [param-type-mismatch]
WARN  | Toolbar.lua:990:18 | expected `NVGContextWrapper` but found `nil`. [param-type-mismatch]
WARN  | Toolbar.lua:991:13 | expected `NVGContextWrapper` but found `nil`. [param-type-mismatch]
WARN  | Toolbar.lua:996:17 | expected `NVGContextWrapper` but found `nil`. [param-type-mismatch]
WARN  | Toolbar.lua:1007:26 | expected `NVGContextWrapper` but found `nil`. [param-type-mismatch]
WARN  | Toolbar.lua:1008:28 | expected `NVGContextWrapper` but found `nil`. [param-type-mismatch]
WARN  | Toolbar.lua:1009:28 | expected `NVGContextWrapper` but found `nil`. [param-type-mismatch]
WARN  | Toolbar.lua:1010:28 | expected `NVGContextWrapper` but found `nil`. [param-type-mismatch]
WARN  | Toolbar.lua:1011:23 | expected `NVGContextWrapper` but found `nil`. [param-type-mismatch]
WARN  | Toolbar.lua:1017:22 | expected `NVGContextWrapper` but found `nil`. [param-type-mismatch]
WARN  | Toolbar.lua:1018:24 | expected `NVGContextWrapper` but found `nil`. [param-type-mismatch]
WARN  | Toolbar.lua:1019:22 | expected `NVGContextWrapper` but found `nil`. [param-type-mismatch]
WARN  | Toolbar.lua:1020:17 | expected `NVGContextWrapper` but found `nil`. [param-type-mismatch]
WARN  | Toolbar.lua:1023:21 | expected `NVGContextWrapper` but found `nil`. [param-type-mismatch]
WARN  | Toolbar.lua:1024:22 | expected `NVGContextWrapper` but found `nil`. [param-type-mismatch]
WARN  | Toolbar.lua:1024:26 | expected `integer` but found `number`. [param-type-mismatch]
WARN  | Toolbar.lua:1025:22 | expected `NVGContextWrapper` but found `nil`. [param-type-mismatch]
WARN  | Toolbar.lua:706:34 | gc may be nil [need-check-nil]
WARN  | Toolbar.lua:706:41 | gc may be nil [need-check-nil]
WARN  | Toolbar.lua:706:48 | gc may be nil [need-check-nil]
WARN  | Toolbar.lua:818:18 | r may be nil [need-check-nil]
WARN  | Toolbar.lua:818:31 | r may be nil [need-check-nil]
WARN  | Toolbar.lua:818:37 | r may be nil [need-check-nil]
WARN  | Toolbar.lua:818:51 | r may be nil [need-check-nil]
WARN  | Toolbar.lua:818:64 | r may be nil [need-check-nil]
WARN  | Toolbar.lua:818:70 | r may be nil [need-check-nil]
WARN  | Toolbar.lua:421:36 | Undefined field `[1]`. [undefined-field]
WARN  | Toolbar.lua:816:14 | Undefined field `trashBtnRect`. [undefined-field]
WARN  | Toolbar.lua:817:17 | Undefined field `trashBtnRect`. [undefined-field]
WARN  | Toolbar.lua:1041:22 | Undefined field `submenuPopupX`. [undefined-field]
WARN  | Toolbar.lua:1042:22 | Undefined field `submenuPopupY`. [undefined-field]
WARN  | Toolbar.lua:1043:22 | Undefined field `submenuPopupW`. [undefined-field]
WARN  | Toolbar.lua:1044:22 | Undefined field `submenuPopupH`. [undefined-field]
WARN  | Toolbar.lua:1073:22 | Undefined field `submenuPopupX`. [undefined-field]
WARN  | Toolbar.lua:1074:22 | Undefined field `submenuPopupY`. [undefined-field]
WARN  | Toolbar.lua:1075:22 | Undefined field `submenuPopupW`. [undefined-field]
WARN  | Toolbar.lua:1076:22 | Undefined field `submenuPopupH`. [undefined-field]
WARN  | Toolbar.lua:953:13 | Cannot assign `number` to `integer`. [assign-type-mismatch]
WARN  | Toolbar.lua:984:5 | Cannot assign `number` to `integer`. [assign-type-mismatch]
WARN  | UndoSystem.lua:35:8 | Impossible `if` statement: this condition is always falsy [unnecessary-if]
WARN  | UndoSystem.lua:58:5 | Cannot assign `number` to `integer`. [assign-type-mismatch]
WARN  | UndoSystem.lua:59:5 | Cannot assign `number` to `integer`. [assign-type-mismatch]
WARN  | UndoSystem.lua:95:5 | Cannot assign `number` to `integer`. [assign-type-mismatch]
WARN  | UndoSystem.lua:123:5 | Cannot assign `number` to `integer`. [assign-type-mismatch]
WARN  | UndoSystem.lua:143:5 | Cannot assign `number` to `integer`. [assign-type-mismatch]
WARN  | UndoSystem.lua:162:5 | Cannot assign `number` to `integer`. [assign-type-mismatch]
WARN  | gameplay.lua:8:9 | Cannot resolve module `gameplay.init`. [unresolved-require]
WARN  | Animation.lua:236:8 | Unnecessary `if` statement: this condition is always truthy [unnecessary-if]
WARN  | Animation.lua:239:8 | Impossible `if` statement: this condition is always falsy [unnecessary-if]
WARN  | Animation.lua:244:12 | Impossible `if` statement: this condition is always falsy [unnecessary-if]
WARN  | Animation.lua:255:8 | Unnecessary `if` statement: this condition is always truthy [unnecessary-if]
WARN  | Animation.lua:260:8 | Impossible `if` statement: this condition is always falsy [unnecessary-if]
WARN  | Animation.lua:266:12 | Impossible `if` statement: this condition is always falsy [unnecessary-if]
WARN  | Animation.lua:286:8 | Impossible `if` statement: this condition is always falsy [unnecessary-if]
WARN  | Animation.lua:292:8 | Unnecessary `if` statement: this condition is always truthy [unnecessary-if]
WARN  | Animation.lua:301:8 | Unnecessary `if` statement: this condition is always truthy [unnecessary-if]
WARN  | Animation.lua:322:8 | Impossible `if` statement: this condition is always falsy [unnecessary-if]
WARN  | Animation.lua:145:25 | Cannot call expression of type `never`. [call-non-callable]
WARN  | Animation.lua:149:16 | Cannot call expression of type `never`. [call-non-callable]
WARN  | Animation.lua:149:58 | Cannot call expression of type `never`. [call-non-callable]
WARN  | Animation.lua:139:74 | expected `integer` but found `never`. [param-type-mismatch]
WARN  | Animation.lua:34:20 | PlayerController may be nil [need-check-nil]
WARN  | Animation.lua:75:20 | PlayerController may be nil [need-check-nil]
WARN  | Animation.lua:125:20 | PlayerController may be nil [need-check-nil]
WARN  | Animation.lua:134:13 | PixelSystem may be nil [need-check-nil]
WARN  | Animation.lua:134:38 | PixelSystem may be nil [need-check-nil]
WARN  | Animation.lua:138:22 | PixelSystem may be nil [need-check-nil]
WARN  | Animation.lua:138:48 | PixelSystem may be nil [need-check-nil]
WARN  | Animation.lua:139:36 | PixelSystem may be nil [need-check-nil]
WARN  | Animation.lua:139:74 | PixelSystem may be nil [need-check-nil]
WARN  | Animation.lua:145:25 | Physics may be nil [need-check-nil]
WARN  | Animation.lua:149:16 | Physics may be nil [need-check-nil]
WARN  | Animation.lua:149:58 | Physics may be nil [need-check-nil]
WARN  | Animation.lua:157:26 | groundGridY value may be nil [need-check-nil]
WARN  | Animation.lua:38:19 | Undefined field `isOnGround`. [undefined-field]
WARN  | Animation.lua:38:45 | Undefined field `isJumping`. [undefined-field]
WARN  | Animation.lua:40:19 | Undefined field `isMoving`. [undefined-field]
WARN  | Animation.lua:51:19 | Undefined field `isMoving`. [undefined-field]
WARN  | Animation.lua:52:36 | Undefined field `facingRight`. [undefined-field]
WARN  | Animation.lua:78:15 | Undefined field `isMoving`. [undefined-field]
WARN  | Animation.lua:80:32 | Undefined field `facingRight`. [undefined-field]
WARN  | Animation.lua:93:28 | Undefined field `isMoving`. [undefined-field]
WARN  | Animation.lua:133:29 | Undefined field `isOnGround`. [undefined-field]
WARN  | Animation.lua:133:58 | Undefined field `isJumping`. [undefined-field]
WARN  | Animation.lua:137:34 | Undefined field `isOnGround`. [undefined-field]
WARN  | Animation.lua:137:60 | Undefined field `isJumping`. [undefined-field]
WARN  | Animation.lua:146:34 | Undefined field `gridY`. [undefined-field]
WARN  | Animation.lua:149:39 | Undefined field `gridX`. [undefined-field]
WARN  | Animation.lua:149:84 | Undefined field `gridX`. [undefined-field]
WARN  | Animation.lua:161:40 | Undefined field `gridX`. [undefined-field]
WARN  | Animation.lua:162:39 | Undefined field `gridY`. [undefined-field]
WARN  | Animation.lua:54:13 | Cannot assign `number` to `integer`. [assign-type-mismatch]
WARN  | Animation.lua:81:9 | Cannot assign `number` to `integer`. [assign-type-mismatch]
WARN  | Animation.lua:92:5 | Cannot assign `number` to `integer`. [assign-type-mismatch]
WARN  | Animation.lua:94:5 | Cannot assign `number` to `integer`. [assign-type-mismatch]
WARN  | Animation.lua:95:5 | Cannot assign `number` to `integer`. [assign-type-mismatch]
WARN  | Animation.lua:97:5 | Cannot assign `number` to `integer`. [assign-type-mismatch]
WARN  | Animation.lua:288:5 | Cannot assign `number` to `integer`. [assign-type-mismatch]
WARN  | Animation.lua:293:5 | Cannot assign `number` to `integer`. [assign-type-mismatch]
WARN  | Animation.lua:323:9 | Cannot assign `number` to `integer`. [assign-type-mismatch]
WARN  | AudioManager.lua:54:8 | Unnecessary `if` statement: this condition is always truthy [unnecessary-if]
WARN  | AudioManager.lua:74:8 | Unnecessary `if` statement: this condition is always truthy [unnecessary-if]
WARN  | AudioManager.lua:116:8 | Unnecessary `if` statement: this condition is always truthy [unnecessary-if]
WARN  | AudioManager.lua:124:12 | Unnecessary `if` statement: this condition is always truthy [unnecessary-if]
WARN  | AudioManager.lua:133:8 | Unnecessary `if` statement: this condition is always truthy [unnecessary-if]
WARN  | AudioManager.lua:164:8 | Unnecessary `if` statement: this condition is always truthy [unnecessary-if]
WARN  | AudioManager.lua:167:8 | Unnecessary `if` statement: this condition is always truthy [unnecessary-if]
WARN  | AudioManager.lua:11:7 | Cannot assign `nil` to `Scene`. [assign-type-mismatch]
WARN  | AudioManager.lua:13:7 | Cannot assign `nil` to `Node`. [assign-type-mismatch]
WARN  | AudioManager.lua:15:7 | Cannot assign `nil` to `SoundSource`. [assign-type-mismatch]
WARN  | AudioManager.lua:169:9 | Cannot assign `nil` to `Scene`. [assign-type-mismatch]
WARN  | AudioManager.lua:171:5 | Cannot assign `nil` to `Node`. [assign-type-mismatch]
WARN  | AudioManager.lua:172:5 | Cannot assign `nil` to `SoundSource`. [assign-type-mismatch]
WARN  | Fireball.lua:68:8 | Impossible `if` statement: this condition is always falsy [unnecessary-if]
WARN  | Fireball.lua:115:8 | Impossible `if` statement: this condition is always falsy [unnecessary-if]
WARN  | Fireball.lua:83:15 | Cannot call expression of type `never`. [call-non-callable]
WARN  | Fireball.lua:190:36 | Cannot call expression of type `never`. [call-non-callable]
WARN  | Fireball.lua:204:25 | Cannot call expression of type `never`. [call-non-callable]
WARN  | Fireball.lua:69:15 | PlayerController may be nil [need-check-nil]
WARN  | Fireball.lua:80:17 | dirX value may be nil [need-check-nil]
WARN  | Fireball.lua:83:15 | Physics may be nil [need-check-nil]
WARN  | Fireball.lua:173:17 | PlayerController may be nil [need-check-nil]
WARN  | Fireball.lua:180:20 | PlayerController may be nil [need-check-nil]
WARN  | Fireball.lua:182:36 | PlayerController may be nil [need-check-nil]
WARN  | Fireball.lua:190:36 | Physics may be nil [need-check-nil]
WARN  | Fireball.lua:202:8 | LevelManager may be nil [need-check-nil]
WARN  | Fireball.lua:202:35 | LevelManager may be nil [need-check-nil]
WARN  | Fireball.lua:203:21 | LevelManager may be nil [need-check-nil]
WARN  | Fireball.lua:204:25 | Physics may be nil [need-check-nil]
WARN  | Fireball.lua:205:22 | LevelManager may be nil [need-check-nil]
WARN  | Fireball.lua:70:14 | Undefined field `hasFireball`. [undefined-field]
WARN  | Fireball.lua:76:18 | Undefined field `facingRight`. [undefined-field]
WARN  | Fireball.lua:85:23 | Undefined field `gridX`. [undefined-field]
WARN  | Fireball.lua:86:23 | Undefined field `gridY`. [undefined-field]
WARN  | Fireball.lua:180:44 | Undefined field `hasLanternDash`. [undefined-field]
WARN  | Fireball.lua:184:40 | Undefined field `gridX`. [undefined-field]
WARN  | Fireball.lua:185:40 | Undefined field `gridY`. [undefined-field]
WARN  | Fireball.lua:203:44 | Undefined field `[row]`. [undefined-field]
WARN  | Fireball.lua:208:25 | Undefined field `SOLID`. [undefined-field]
WARN  | FlameDashChain.lua:94:8 | Impossible `if` statement: this condition is always falsy [unnecessary-if]
WARN  | FlameDashChain.lua:465:8 | Impossible `if` statement: this condition is always falsy [unnecessary-if]
WARN  | FlameDashChain.lua:383:57 | expected `number` but found `17?`. [param-type-mismatch]
WARN  | FlameDashChain.lua:451:67 | expected `number` but found `17?`. [param-type-mismatch]
WARN  | FlameDashChain.lua:479:73 | expected `number` but found `17?`. [param-type-mismatch]
WARN  | FlameDashChain.lua:688:51 | expected `table` but found `nil`. [param-type-mismatch]
WARN  | FlameDashChain.lua:711:63 | expected `table` but found `table?`. [param-type-mismatch]
WARN  | FlameDashChain.lua:178:16 | function FindDirectionalLitLamp may be nil [need-check-nil]
WARN  | FlameDashChain.lua:394:22 | LevelManager may be nil [need-check-nil]
WARN  | FlameDashChain.lua:433:23 | LevelManager may be nil [need-check-nil]
WARN  | FlameDashChain.lua:454:5 | Cannot assign `number` to `integer`. [assign-type-mismatch]
WARN  | FlameDashChain.lua:455:5 | Cannot assign `number` to `integer`. [assign-type-mismatch]
WARN  | FlameDashChain.lua:633:5 | Cannot assign `number` to `integer`. [assign-type-mismatch]
WARN  | FlameDashChain.lua:634:5 | Cannot assign `number` to `integer`. [assign-type-mismatch]
WARN  | FlameDashChain.lua:670:17 | Cannot assign `number` to `integer`. [assign-type-mismatch]
WARN  | FlameDashChain.lua:671:17 | Cannot assign `number` to `integer`. [assign-type-mismatch]
WARN  | FlameDashChain.lua:681:13 | Cannot assign `number` to `integer`. [assign-type-mismatch]
WARN  | FlameDashChain.lua:685:9 | Cannot assign `number` to `integer`. [assign-type-mismatch]
WARN  | FlameDashChain.lua:695:21 | Cannot assign `number` to `integer`. [assign-type-mismatch]
WARN  | FlameDashChain.lua:696:21 | Cannot assign `number` to `integer`. [assign-type-mismatch]
WARN  | FlameDashChain.lua:717:25 | Cannot assign `number` to `integer`. [assign-type-mismatch]
WARN  | FlameDashChain.lua:718:25 | Cannot assign `number` to `integer`. [assign-type-mismatch]
WARN  | FlameDashChain.lua:754:29 | Cannot assign `number` to `integer`. [assign-type-mismatch]
WARN  | FlameDashChain.lua:791:9 | Cannot assign `number` to `integer`. [assign-type-mismatch]
WARN  | LevelManager.lua:264:8 | Impossible `if` statement: this condition is always falsy [unnecessary-if]
WARN  | LevelManager.lua:347:8 | Impossible `if` statement: this condition is always falsy [unnecessary-if]
WARN  | LevelManager.lua:373:8 | Unnecessary `if` statement: this condition is always truthy [unnecessary-if]
WARN  | LevelManager.lua:376:8 | Impossible `if` statement: this condition is always falsy [unnecessary-if]
WARN  | LevelManager.lua:387:12 | Impossible `if` statement: this condition is always falsy [unnecessary-if]
WARN  | LevelManager.lua:380:16 | Impossible `if` statement: this condition is always falsy [unnecessary-if]
WARN  | LevelManager.lua:456:8 | Impossible `if` statement: this condition is always falsy [unnecessary-if]
WARN  | LevelManager.lua:457:8 | Impossible `if` statement: this condition is always falsy [unnecessary-if]
WARN  | LevelManager.lua:154:16 | Cannot call expression of type `never`. [call-non-callable]
WARN  | LevelManager.lua:267:5 | Cannot call expression of type `never`. [call-non-callable]
WARN  | LevelManager.lua:268:5 | Cannot call expression of type `never`. [call-non-callable]
WARN  | LevelManager.lua:269:5 | Cannot call expression of type `never`. [call-non-callable]
WARN  | LevelManager.lua:340:15 | Cannot call expression of type `never`. [call-non-callable]
WARN  | LevelManager.lua:349:9 | Cannot call expression of type `never`. [call-non-callable]
WARN  | LevelManager.lua:350:9 | Cannot call expression of type `never`. [call-non-callable]
WARN  | LevelManager.lua:352:9 | Cannot call expression of type `never`. [call-non-callable]
WARN  | LevelManager.lua:412:24 | Cannot call expression of type `never`. [call-non-callable]
WARN  | LevelManager.lua:422:24 | Cannot call expression of type `never`. [call-non-callable]
WARN  | LevelManager.lua:431:24 | Cannot call expression of type `never`. [call-non-callable]
WARN  | LevelManager.lua:441:24 | Cannot call expression of type `never`. [call-non-callable]
WARN  | LevelManager.lua:459:21 | Cannot call expression of type `never`. [call-non-callable]
WARN  | LevelManager.lua:381:52 | expected `string` but found `nil`. [param-type-mismatch]
WARN  | LevelManager.lua:154:16 | CloudStorage may be nil [need-check-nil]
WARN  | LevelManager.lua:267:5 | Physics may be nil [need-check-nil]
WARN  | LevelManager.lua:268:5 | Physics may be nil [need-check-nil]
WARN  | LevelManager.lua:269:5 | Physics may be nil [need-check-nil]
WARN  | LevelManager.lua:340:15 | Physics may be nil [need-check-nil]
WARN  | LevelManager.lua:349:9 | PixelSystem may be nil [need-check-nil]
WARN  | LevelManager.lua:350:9 | PixelSystem may be nil [need-check-nil]
WARN  | LevelManager.lua:352:9 | PixelSystem may be nil [need-check-nil]
WARN  | LevelManager.lua:412:24 | Physics may be nil [need-check-nil]
WARN  | LevelManager.lua:422:24 | Physics may be nil [need-check-nil]
WARN  | LevelManager.lua:431:24 | Physics may be nil [need-check-nil]
WARN  | LevelManager.lua:441:24 | Physics may be nil [need-check-nil]
WARN  | LevelManager.lua:459:21 | Physics may be nil [need-check-nil]
WARN  | LevelManager.lua:172:13 | Undefined field `cols`. [undefined-field]
WARN  | LevelManager.lua:172:27 | Undefined field `cols`. [undefined-field]
WARN  | LevelManager.lua:173:32 | Undefined field `cols`. [undefined-field]
WARN  | LevelManager.lua:175:13 | Undefined field `rows`. [undefined-field]
WARN  | LevelManager.lua:175:27 | Undefined field `rows`. [undefined-field]
WARN  | LevelManager.lua:176:32 | Undefined field `rows`. [undefined-field]
WARN  | LevelManager.lua:189:13 | Undefined field `tiles`. [undefined-field]
WARN  | LevelManager.lua:190:33 | Undefined field `tiles`. [undefined-field]
WARN  | LevelManager.lua:200:13 | Undefined field `spawn`. [undefined-field]
WARN  | LevelManager.lua:201:25 | Undefined field `spawn`. [undefined-field]
WARN  | LevelManager.lua:202:25 | Undefined field `spawn`. [undefined-field]
WARN  | LevelManager.lua:210:34 | Undefined field `levelName`. [undefined-field]
WARN  | LevelManager.lua:213:25 | Undefined field `backgroundImage`. [undefined-field]
WARN  | LevelManager.lua:213:50 | Undefined field `backgroundImage`. [undefined-field]
WARN  | LevelManager.lua:213:82 | Undefined field `backgroundImage`. [undefined-field]
WARN  | LevelManager.lua:215:33 | Undefined field `bgImageAlpha`. [undefined-field]
WARN  | LevelManager.lua:215:60 | Undefined field `bgImageAlpha`. [undefined-field]
WARN  | LevelManager.lua:215:96 | Undefined field `bgImageAlpha`. [undefined-field]
WARN  | LevelManager.lua:225:13 | Undefined field `decorations`. [undefined-field]
WARN  | LevelManager.lua:226:33 | Undefined field `decorations`. [undefined-field]
WARN  | LevelManager.lua:244:31 | Undefined field `lightSources`. [undefined-field]
WARN  | LevelManager.lua:245:13 | Undefined field `lightZones`. [undefined-field]
WARN  | LevelManager.lua:246:40 | Undefined field `lightZones`. [undefined-field]
WARN  | LevelManager.lua:336:5 | Cannot assign `number` to `integer`. [assign-type-mismatch]
WARN  | LevelManager.lua:377:9 | Cannot assign `number` to `integer`. [assign-type-mismatch]
WARN  | LevelManager.lua:379:13 | Cannot assign `number` to `integer`. [assign-type-mismatch]
WARN  | LevelManager.lua:388:9 | Cannot assign `number` to `integer`. [assign-type-mismatch]
WARN  | Physics.lua:77:17 | levelData may be nil [need-check-nil]
WARN  | Physics.lua:79:16 | TILE may be nil [need-check-nil]
WARN  | Physics.lua:79:38 | TILE may be nil [need-check-nil]
WARN  | Physics.lua:79:67 | TILE may be nil [need-check-nil]
WARN  | Physics.lua:82:16 | TILE may be nil [need-check-nil]
WARN  | Physics.lua:83:16 | switchState may be nil [need-check-nil]
WARN  | Physics.lua:85:16 | TILE may be nil [need-check-nil]
WARN  | Physics.lua:86:28 | hiddenWallRevealed may be nil [need-check-nil]
WARN  | Physics.lua:104:17 | levelData may be nil [need-check-nil]
WARN  | Physics.lua:107:16 | TILE may be nil [need-check-nil]
WARN  | Physics.lua:107:38 | TILE may be nil [need-check-nil]
WARN  | Physics.lua:107:67 | TILE may be nil [need-check-nil]
WARN  | Physics.lua:113:16 | TILE may be nil [need-check-nil]
WARN  | Physics.lua:114:28 | hiddenWallRevealed may be nil [need-check-nil]
WARN  | Physics.lua:167:17 | levelData may be nil [need-check-nil]
WARN  | Physics.lua:169:16 | TILE may be nil [need-check-nil]
WARN  | Physics.lua:169:38 | TILE may be nil [need-check-nil]
WARN  | Physics.lua:169:67 | TILE may be nil [need-check-nil]
WARN  | Physics.lua:171:16 | TILE may be nil [need-check-nil]
WARN  | Physics.lua:172:16 | switchState may be nil [need-check-nil]
WARN  | Physics.lua:174:16 | TILE may be nil [need-check-nil]
WARN  | Physics.lua:175:28 | hiddenWallRevealed may be nil [need-check-nil]
WARN  | Physics.lua:191:17 | levelData may be nil [need-check-nil]
WARN  | PixelSystem.lua:22:16 | Config.CHAR_SHAPE[row] may be nil [need-check-nil]
WARN  | PixelSystem.lua:38:16 | Config.CHAR_SHAPE[row] may be nil [need-check-nil]
WARN  | PixelSystem.lua:68:29 | p may be nil [need-check-nil]
WARN  | PixelSystem.lua:68:36 | p may be nil [need-check-nil]
WARN  | PixelSystem.lua:69:26 | p may be nil [need-check-nil]
WARN  | PixelSystem.lua:69:33 | p may be nil [need-check-nil]
WARN  | PlayerController.lua:109:8 | Impossible `if` statement: this condition is always falsy [unnecessary-if]
WARN  | PlayerController.lua:116:16 | Impossible `if` statement: this condition is always falsy [unnecessary-if]
WARN  | PlayerController.lua:131:12 | Impossible `if` statement: this condition is always falsy [unnecessary-if]
WARN  | PlayerController.lua:274:8 | Impossible `if` statement: this condition is always falsy [unnecessary-if]
WARN  | PlayerController.lua:283:20 | Impossible `if` statement: this condition is always falsy [unnecessary-if]
WARN  | PlayerController.lua:307:20 | Impossible `if` statement: this condition is always falsy [unnecessary-if]
WARN  | PlayerController.lua:346:12 | Impossible `if` statement: this condition is always falsy [unnecessary-if]
WARN  | PlayerController.lua:464:8 | Unnecessary `if` statement: this condition is always truthy [unnecessary-if]
WARN  | PlayerController.lua:476:8 | Unnecessary `if` statement: this condition is always truthy [unnecessary-if]
WARN  | PlayerController.lua:513:8 | Impossible `if` statement: this condition is always falsy [unnecessary-if]
WARN  | PlayerController.lua:124:19 | Cannot call expression of type `never`. [call-non-callable]
WARN  | PlayerController.lua:165:15 | Cannot call expression of type `never`. [call-non-callable]
WARN  | PlayerController.lua:170:27 | Cannot call expression of type `never`. [call-non-callable]
WARN  | PlayerController.lua:181:23 | Cannot call expression of type `never`. [call-non-callable]
WARN  | PlayerController.lua:188:17 | Cannot call expression of type `never`. [call-non-callable]
WARN  | PlayerController.lua:203:12 | Cannot call expression of type `never`. [call-non-callable]
WARN  | PlayerController.lua:209:19 | Cannot call expression of type `never`. [call-non-callable]
WARN  | PlayerController.lua:213:27 | Cannot call expression of type `never`. [call-non-callable]
WARN  | PlayerController.lua:219:21 | Cannot call expression of type `never`. [call-non-callable]
WARN  | PlayerController.lua:228:20 | Cannot call expression of type `never`. [call-non-callable]
WARN  | PlayerController.lua:237:17 | Cannot call expression of type `never`. [call-non-callable]
WARN  | PlayerController.lua:249:16 | Cannot call expression of type `never`. [call-non-callable]
WARN  | PlayerController.lua:272:15 | Cannot call expression of type `never`. [call-non-callable]
WARN  | PlayerController.lua:279:20 | Cannot call expression of type `never`. [call-non-callable]
WARN  | PlayerController.lua:300:16 | Cannot call expression of type `never`. [call-non-callable]
WARN  | PlayerController.lua:310:24 | Cannot call expression of type `never`. [call-non-callable]
WARN  | PlayerController.lua:325:21 | Cannot call expression of type `never`. [call-non-callable]
WARN  | PlayerController.lua:376:15 | Cannot call expression of type `never`. [call-non-callable]
WARN  | PlayerController.lua:386:37 | Cannot call expression of type `never`. [call-non-callable]
WARN  | PlayerController.lua:468:32 | Cannot call expression of type `never`. [call-non-callable]
WARN  | PlayerController.lua:480:32 | Cannot call expression of type `never`. [call-non-callable]
WARN  | PlayerController.lua:492:32 | Cannot call expression of type `never`. [call-non-callable]
WARN  | PlayerController.lua:504:32 | Cannot call expression of type `never`. [call-non-callable]
WARN  | PlayerController.lua:520:32 | Cannot call expression of type `never`. [call-non-callable]
WARN  | PlayerController.lua:124:19 | Physics may be nil [need-check-nil]
WARN  | PlayerController.lua:165:15 | Physics may be nil [need-check-nil]
WARN  | PlayerController.lua:170:27 | Physics may be nil [need-check-nil]
WARN  | PlayerController.lua:181:23 | Physics may be nil [need-check-nil]
WARN  | PlayerController.lua:188:17 | Physics may be nil [need-check-nil]
WARN  | PlayerController.lua:203:12 | Physics may be nil [need-check-nil]
WARN  | PlayerController.lua:209:19 | Physics may be nil [need-check-nil]
WARN  | PlayerController.lua:213:27 | Physics may be nil [need-check-nil]
WARN  | PlayerController.lua:219:21 | Physics may be nil [need-check-nil]
WARN  | PlayerController.lua:228:20 | Physics may be nil [need-check-nil]
WARN  | PlayerController.lua:236:59 | PixelSystem may be nil [need-check-nil]
WARN  | PlayerController.lua:237:17 | PixelSystem may be nil [need-check-nil]
WARN  | PlayerController.lua:249:16 | Physics may be nil [need-check-nil]
WARN  | PlayerController.lua:272:15 | Physics may be nil [need-check-nil]
WARN  | PlayerController.lua:279:20 | Physics may be nil [need-check-nil]
WARN  | PlayerController.lua:300:16 | Physics may be nil [need-check-nil]
WARN  | PlayerController.lua:310:24 | Physics may be nil [need-check-nil]
WARN  | PlayerController.lua:324:63 | PixelSystem may be nil [need-check-nil]
WARN  | PlayerController.lua:325:21 | PixelSystem may be nil [need-check-nil]
WARN  | PlayerController.lua:345:25 | PixelSystem may be nil [need-check-nil]
WARN  | PlayerController.lua:345:52 | PixelSystem may be nil [need-check-nil]
WARN  | PlayerController.lua:361:8 | PixelSystem may be nil [need-check-nil]
WARN  | PlayerController.lua:376:15 | Physics may be nil [need-check-nil]
WARN  | PlayerController.lua:377:18 | LevelManager may be nil [need-check-nil]
WARN  | PlayerController.lua:384:21 | LevelManager may be nil [need-check-nil]
WARN  | PlayerController.lua:385:29 | LevelManager may be nil [need-check-nil]
WARN  | PlayerController.lua:386:37 | Physics may be nil [need-check-nil]
WARN  | PlayerController.lua:467:52 | LevelManager may be nil [need-check-nil]
WARN  | PlayerController.lua:468:32 | Physics may be nil [need-check-nil]
WARN  | PlayerController.lua:468:52 | LevelManager may be nil [need-check-nil]
WARN  | PlayerController.lua:479:52 | LevelManager may be nil [need-check-nil]
WARN  | PlayerController.lua:480:32 | Physics may be nil [need-check-nil]
WARN  | PlayerController.lua:480:52 | LevelManager may be nil [need-check-nil]
WARN  | PlayerController.lua:488:54 | LevelManager may be nil [need-check-nil]
WARN  | PlayerController.lua:492:32 | Physics may be nil [need-check-nil]
WARN  | PlayerController.lua:492:52 | LevelManager may be nil [need-check-nil]
WARN  | PlayerController.lua:500:60 | LevelManager may be nil [need-check-nil]
WARN  | PlayerController.lua:504:32 | Physics may be nil [need-check-nil]
WARN  | PlayerController.lua:504:52 | LevelManager may be nil [need-check-nil]
WARN  | PlayerController.lua:519:25 | LevelManager may be nil [need-check-nil]
WARN  | PlayerController.lua:520:32 | Physics may be nil [need-check-nil]
WARN  | PlayerController.lua:520:52 | LevelManager may be nil [need-check-nil]
WARN  | PlayerController.lua:385:52 | Undefined field `[row]`. [undefined-field]
WARN  | PlayerController.lua:389:33 | Undefined field `SPIKE`. [undefined-field]
WARN  | PlayerController.lua:468:75 | Undefined field `[r]`. [undefined-field]
WARN  | PlayerController.lua:469:31 | Undefined field `HIDDEN_WALL`. [undefined-field]
WARN  | PlayerController.lua:480:75 | Undefined field `[r]`. [undefined-field]
WARN  | PlayerController.lua:481:31 | Undefined field `HIDDEN_WALL`. [undefined-field]
WARN  | PlayerController.lua:492:75 | Undefined field `[topRow]`. [undefined-field]
WARN  | PlayerController.lua:493:31 | Undefined field `HIDDEN_WALL`. [undefined-field]
WARN  | PlayerController.lua:504:75 | Undefined field `[bottomRow]`. [undefined-field]
WARN  | PlayerController.lua:505:31 | Undefined field `HIDDEN_WALL`. [undefined-field]
WARN  | PlayerController.lua:520:75 | Undefined field `[row]`. [undefined-field]
WARN  | PlayerController.lua:521:35 | Undefined field `CURTAIN`. [undefined-field]
WARN  | PlayerController.lua:75:5 | Cannot assign `number` to `integer`. [assign-type-mismatch]
WARN  | PlayerController.lua:275:9 | Cannot assign `number` to `integer`. [assign-type-mismatch]
WARN  | PlayerController.lua:297:13 | Cannot assign `number` to `integer`. [assign-type-mismatch]
WARN  | PlayerController.lua:302:13 | Cannot assign `number` to `integer`. [assign-type-mismatch]
WARN  | PlayerController.lua:303:13 | Cannot assign `number` to `integer`. [assign-type-mismatch]
WARN  | PlayerController.lua:312:21 | Cannot assign `number` to `integer`. [assign-type-mismatch]
WARN  | PlayerController.lua:331:21 | Cannot assign `number` to `integer`. [assign-type-mismatch]
WARN  | PlayerController.lua:338:13 | Cannot assign `number` to `integer`. [assign-type-mismatch]
WARN  | PlayerController.lua:403:21 | Cannot assign `number` to `integer`. [assign-type-mismatch]
WARN  | Renderer.lua:225:8 | Impossible `if` statement: this condition is always falsy [unnecessary-if]
WARN  | Renderer.lua:227:12 | Impossible `if` statement: this condition is always falsy [unnecessary-if]
WARN  | Renderer.lua:409:8 | Unnecessary `if` statement: this condition is always truthy [unnecessary-if]
WARN  | Renderer.lua:430:8 | Impossible `if` statement: this condition is always falsy [unnecessary-if]
WARN  | Renderer.lua:438:8 | Unnecessary `if` statement: this condition is always truthy [unnecessary-if]
WARN  | Renderer.lua:505:8 | Impossible `if` statement: this condition is always falsy [unnecessary-if]
WARN  | Renderer.lua:644:8 | Impossible `if` statement: this condition is always falsy [unnecessary-if]
WARN  | Renderer.lua:829:20 | Impossible `if` statement: this condition is always falsy [unnecessary-if]
WARN  | Renderer.lua:1026:8 | Impossible `if` statement: this condition is always falsy [unnecessary-if]
WARN  | Renderer.lua:1096:8 | Impossible `if` statement: this condition is always falsy [unnecessary-if]
WARN  | Renderer.lua:1110:8 | Impossible `if` statement: this condition is always falsy [unnecessary-if]
WARN  | Renderer.lua:1391:8 | Impossible `if` statement: this condition is always falsy [unnecessary-if]
WARN  | Renderer.lua:1711:8 | Impossible `if` statement: this condition is always falsy [unnecessary-if]
WARN  | Renderer.lua:1724:12 | Impossible `if` statement: this condition is always falsy [unnecessary-if]
WARN  | Renderer.lua:1741:8 | Impossible `if` statement: this condition is always falsy [unnecessary-if]
WARN  | Renderer.lua:1746:12 | Unnecessary `if` statement: this condition is always truthy [unnecessary-if]
WARN  | Renderer.lua:1748:16 | Impossible `if` statement: this condition is always falsy [unnecessary-if]
WARN  | Renderer.lua:1812:20 | Impossible `if` statement: this condition is always falsy [unnecessary-if]
WARN  | Renderer.lua:589:25 | Cannot call expression of type `never`. [call-non-callable]
WARN  | Renderer.lua:617:18 | Cannot call expression of type `never`. [call-non-callable]
WARN  | Renderer.lua:628:18 | Cannot call expression of type `never`. [call-non-callable]
WARN  | Renderer.lua:1395:19 | Cannot call expression of type `never`. [call-non-callable]
WARN  | Renderer.lua:1471:28 | Cannot call expression of type `never`. [call-non-callable]
WARN  | Renderer.lua:1553:49 | Cannot call expression of type `never`. [call-non-callable]
WARN  | Renderer.lua:1696:37 | Cannot call expression of type `never`. [call-non-callable]
WARN  | Renderer.lua:1851:25 | Cannot call expression of type `never`. [call-non-callable]
WARN  | Renderer.lua:174:38 | expected `NVGContextWrapper` but found `nil`. [param-type-mismatch]
WARN  | Renderer.lua:175:33 | expected `NVGContextWrapper` but found `nil`. [param-type-mismatch]
WARN  | Renderer.lua:176:38 | expected `NVGContextWrapper` but found `nil`. [param-type-mismatch]
WARN  | Renderer.lua:177:33 | expected `NVGContextWrapper` but found `nil`. [param-type-mismatch]
WARN  | Renderer.lua:264:26 | expected `table` but found `nil`. [param-type-mismatch]
WARN  | Renderer.lua:286:26 | expected `table` but found `nil`. [param-type-mismatch]
WARN  | Renderer.lua:363:22 | expected `NVGContextWrapper` but found `nil`. [param-type-mismatch]
WARN  | Renderer.lua:364:17 | expected `NVGContextWrapper` but found `nil`. [param-type-mismatch]
WARN  | Renderer.lua:365:22 | expected `NVGContextWrapper` but found `nil`. [param-type-mismatch]
WARN  | Renderer.lua:366:17 | expected `NVGContextWrapper` but found `nil`. [param-type-mismatch]
WARN  | Renderer.lua:371:26 | expected `NVGContextWrapper` but found `nil`. [param-type-mismatch]
WARN  | Renderer.lua:372:21 | expected `NVGContextWrapper` but found `nil`. [param-type-mismatch]
WARN  | Renderer.lua:373:26 | expected `NVGContextWrapper` but found `nil`. [param-type-mismatch]
WARN  | Renderer.lua:374:21 | expected `NVGContextWrapper` but found `nil`. [param-type-mismatch]
WARN  | Renderer.lua:497:34 | expected `NVGContextWrapper` but found `nil`. [param-type-mismatch]
WARN  | Renderer.lua:499:18 | expected `NVGContextWrapper` but found `nil`. [param-type-mismatch]
WARN  | Renderer.lua:500:13 | expected `NVGContextWrapper` but found `nil`. [param-type-mismatch]
WARN  | Renderer.lua:501:18 | expected `NVGContextWrapper` but found `nil`. [param-type-mismatch]
WARN  | Renderer.lua:502:13 | expected `NVGContextWrapper` but found `nil`. [param-type-mismatch]
WARN  | Renderer.lua:508:45 | expected `NVGContextWrapper` but found `nil`. [param-type-mismatch]
WARN  | Renderer.lua:517:46 | expected `NVGContextWrapper` but found `nil`. [param-type-mismatch]
WARN  | Renderer.lua:518:26 | expected `NVGContextWrapper` but found `nil`. [param-type-mismatch]
WARN  | Renderer.lua:519:21 | expected `NVGContextWrapper` but found `nil`. [param-type-mismatch]
WARN  | Renderer.lua:520:26 | expected `NVGContextWrapper` but found `nil`. [param-type-mismatch]
WARN  | Renderer.lua:521:21 | expected `NVGContextWrapper` but found `nil`. [param-type-mismatch]
WARN  | Renderer.lua:539:18 | expected `NVGContextWrapper` but found `nil`. [param-type-mismatch]
WARN  | Renderer.lua:542:19 | expected `NVGContextWrapper` but found `nil`. [param-type-mismatch]
WARN  | Renderer.lua:543:19 | expected `NVGContextWrapper` but found `nil`. [param-type-mismatch]
WARN  | Renderer.lua:549:19 | expected `NVGContextWrapper` but found `nil`. [param-type-mismatch]
WARN  | Renderer.lua:550:19 | expected `NVGContextWrapper` but found `nil`. [param-type-mismatch]
WARN  | Renderer.lua:552:20 | expected `NVGContextWrapper` but found `nil`. [param-type-mismatch]
WARN  | Renderer.lua:553:20 | expected `NVGContextWrapper` but found `nil`. [param-type-mismatch]
WARN  | Renderer.lua:554:15 | expected `NVGContextWrapper` but found `nil`. [param-type-mismatch]
WARN  | Renderer.lua:556:18 | expected `NVGContextWrapper` but found `nil`. [param-type-mismatch]
WARN  | Renderer.lua:560:23 | expected `NVGContextWrapper` but found `nil`. [param-type-mismatch]
WARN  | Renderer.lua:561:23 | expected `NVGContextWrapper` but found `nil`. [param-type-mismatch]
WARN  | Renderer.lua:569:23 | expected `NVGContextWrapper` but found `nil`. [param-type-mismatch]
WARN  | Renderer.lua:570:23 | expected `NVGContextWrapper` but found `nil`. [param-type-mismatch]
WARN  | Renderer.lua:573:20 | expected `NVGContextWrapper` but found `nil`. [param-type-mismatch]
WARN  | Renderer.lua:574:20 | expected `NVGContextWrapper` but found `nil`. [param-type-mismatch]
WARN  | Renderer.lua:575:15 | expected `NVGContextWrapper` but found `nil`. [param-type-mismatch]
WARN  | Renderer.lua:655:23 | expected `number` but found `never`. [param-type-mismatch]
WARN  | Renderer.lua:655:30 | expected `number` but found `never`. [param-type-mismatch]
WARN  | Renderer.lua:687:62 | expected `integer` but found `never`. [param-type-mismatch]
WARN  | Renderer.lua:699:35 | expected `(table<unknown,unknown>|unknown[]|{ [unknown]: unknown })` but found `never`. [param-type-mismatch]
WARN  | Renderer.lua:716:39 | expected `(table<unknown,unknown>|unknown[]|{ [unknown]: unknown })` but found `never`. [param-type-mismatch]
WARN  | Renderer.lua:830:46 | expected `number` but found `never`. [param-type-mismatch]
WARN  | Renderer.lua:830:53 | expected `number` but found `never`. [param-type-mismatch]
WARN  | Renderer.lua:830:60 | expected `number` but found `never`. [param-type-mismatch]
WARN  | Renderer.lua:832:46 | expected `number` but found `never`. [param-type-mismatch]
WARN  | Renderer.lua:832:53 | expected `number` but found `never`. [param-type-mismatch]
WARN  | Renderer.lua:832:60 | expected `number` but found `never`. [param-type-mismatch]
WARN  | Renderer.lua:848:46 | expected `number` but found `never`. [param-type-mismatch]
WARN  | Renderer.lua:848:53 | expected `number` but found `never`. [param-type-mismatch]
WARN  | Renderer.lua:848:60 | expected `number` but found `never`. [param-type-mismatch]
WARN  | Renderer.lua:862:48 | expected `number` but found `never`. [param-type-mismatch]
WARN  | Renderer.lua:862:55 | expected `number` but found `never`. [param-type-mismatch]
WARN  | Renderer.lua:862:62 | expected `number` but found `never`. [param-type-mismatch]
WARN  | Renderer.lua:968:22 | expected `NVGContextWrapper` but found `nil`. [param-type-mismatch]
WARN  | Renderer.lua:969:17 | expected `NVGContextWrapper` but found `nil`. [param-type-mismatch]
WARN  | Renderer.lua:971:26 | expected `NVGContextWrapper` but found `nil`. [param-type-mismatch]
WARN  | Renderer.lua:973:26 | expected `NVGContextWrapper` but found `nil`. [param-type-mismatch]
WARN  | Renderer.lua:975:17 | expected `NVGContextWrapper` but found `nil`. [param-type-mismatch]
WARN  | Renderer.lua:989:22 | expected `NVGContextWrapper` but found `nil`. [param-type-mismatch]
WARN  | Renderer.lua:990:17 | expected `NVGContextWrapper` but found `nil`. [param-type-mismatch]
WARN  | Renderer.lua:998:22 | expected `NVGContextWrapper` but found `nil`. [param-type-mismatch]
WARN  | Renderer.lua:999:17 | expected `NVGContextWrapper` but found `nil`. [param-type-mismatch]
WARN  | Renderer.lua:1012:22 | expected `NVGContextWrapper` but found `nil`. [param-type-mismatch]
WARN  | Renderer.lua:1013:17 | expected `NVGContextWrapper` but found `nil`. [param-type-mismatch]
WARN  | Renderer.lua:1015:22 | expected `NVGContextWrapper` but found `nil`. [param-type-mismatch]
WARN  | Renderer.lua:1016:17 | expected `NVGContextWrapper` but found `nil`. [param-type-mismatch]
WARN  | Renderer.lua:1020:18 | expected `NVGContextWrapper` but found `nil`. [param-type-mismatch]
WARN  | Renderer.lua:1021:15 | expected `NVGContextWrapper` but found `nil`. [param-type-mismatch]
WARN  | Renderer.lua:1023:18 | expected `NVGContextWrapper` but found `nil`. [param-type-mismatch]
WARN  | Renderer.lua:1024:13 | expected `NVGContextWrapper` but found `nil`. [param-type-mismatch]
WARN  | Renderer.lua:1053:26 | expected `NVGContextWrapper` but found `nil`. [param-type-mismatch]
WARN  | Renderer.lua:1054:21 | expected `NVGContextWrapper` but found `nil`. [param-type-mismatch]
WARN  | Renderer.lua:1055:26 | expected `NVGContextWrapper` but found `nil`. [param-type-mismatch]
WARN  | Renderer.lua:1056:21 | expected `NVGContextWrapper` but found `nil`. [param-type-mismatch]
WARN  | Renderer.lua:1061:22 | expected `NVGContextWrapper` but found `nil`. [param-type-mismatch]
WARN  | Renderer.lua:1062:19 | expected `NVGContextWrapper` but found `nil`. [param-type-mismatch]
WARN  | Renderer.lua:1063:22 | expected `NVGContextWrapper` but found `nil`. [param-type-mismatch]
WARN  | Renderer.lua:1064:17 | expected `NVGContextWrapper` but found `nil`. [param-type-mismatch]
WARN  | Renderer.lua:1066:22 | expected `NVGContextWrapper` but found `nil`. [param-type-mismatch]
WARN  | Renderer.lua:1067:19 | expected `NVGContextWrapper` but found `nil`. [param-type-mismatch]
WARN  | Renderer.lua:1068:22 | expected `NVGContextWrapper` but found `nil`. [param-type-mismatch]
WARN  | Renderer.lua:1069:17 | expected `NVGContextWrapper` but found `nil`. [param-type-mismatch]
WARN  | Renderer.lua:1083:26 | expected `NVGContextWrapper` but found `nil`. [param-type-mismatch]
WARN  | Renderer.lua:1084:21 | expected `NVGContextWrapper` but found `nil`. [param-type-mismatch]
WARN  | Renderer.lua:1086:26 | expected `NVGContextWrapper` but found `nil`. [param-type-mismatch]
WARN  | Renderer.lua:1087:21 | expected `NVGContextWrapper` but found `nil`. [param-type-mismatch]
WARN  | Renderer.lua:1101:26 | expected `NVGContextWrapper` but found `nil`. [param-type-mismatch]
WARN  | Renderer.lua:1102:21 | expected `NVGContextWrapper` but found `nil`. [param-type-mismatch]
WARN  | Renderer.lua:1103:26 | expected `NVGContextWrapper` but found `nil`. [param-type-mismatch]
WARN  | Renderer.lua:1104:21 | expected `NVGContextWrapper` but found `nil`. [param-type-mismatch]
WARN  | Renderer.lua:1114:26 | expected `NVGContextWrapper` but found `nil`. [param-type-mismatch]
WARN  | Renderer.lua:1115:23 | expected `NVGContextWrapper` but found `nil`. [param-type-mismatch]
WARN  | Renderer.lua:1116:26 | expected `NVGContextWrapper` but found `nil`. [param-type-mismatch]
WARN  | Renderer.lua:1117:21 | expected `NVGContextWrapper` but found `nil`. [param-type-mismatch]
WARN  | Renderer.lua:1123:26 | expected `NVGContextWrapper` but found `nil`. [param-type-mismatch]
WARN  | Renderer.lua:1124:23 | expected `NVGContextWrapper` but found `nil`. [param-type-mismatch]
WARN  | Renderer.lua:1125:28 | expected `NVGContextWrapper` but found `nil`. [param-type-mismatch]
WARN  | Renderer.lua:1126:28 | expected `NVGContextWrapper` but found `nil`. [param-type-mismatch]
WARN  | Renderer.lua:1127:23 | expected `NVGContextWrapper` but found `nil`. [param-type-mismatch]
WARN  | Renderer.lua:1131:26 | expected `NVGContextWrapper` but found `nil`. [param-type-mismatch]
WARN  | Renderer.lua:1132:23 | expected `NVGContextWrapper` but found `nil`. [param-type-mismatch]
WARN  | Renderer.lua:1133:26 | expected `NVGContextWrapper` but found `nil`. [param-type-mismatch]
WARN  | Renderer.lua:1134:21 | expected `NVGContextWrapper` but found `nil`. [param-type-mismatch]
WARN  | Renderer.lua:1203:18 | expected `NVGContextWrapper` but found `nil`. [param-type-mismatch]
WARN  | Renderer.lua:1204:15 | expected `NVGContextWrapper` but found `nil`. [param-type-mismatch]
WARN  | Renderer.lua:1205:18 | expected `NVGContextWrapper` but found `nil`. [param-type-mismatch]
WARN  | Renderer.lua:1206:13 | expected `NVGContextWrapper` but found `nil`. [param-type-mismatch]
WARN  | Renderer.lua:1220:30 | expected `NVGContextWrapper` but found `nil`. [param-type-mismatch]
WARN  | Renderer.lua:1221:25 | expected `NVGContextWrapper` but found `nil`. [param-type-mismatch]
WARN  | Renderer.lua:1222:30 | expected `NVGContextWrapper` but found `nil`. [param-type-mismatch]
WARN  | Renderer.lua:1223:25 | expected `NVGContextWrapper` but found `nil`. [param-type-mismatch]
WARN  | Renderer.lua:1234:22 | expected `NVGContextWrapper` but found `nil`. [param-type-mismatch]
WARN  | Renderer.lua:1235:17 | expected `NVGContextWrapper` but found `nil`. [param-type-mismatch]
WARN  | Renderer.lua:1236:22 | expected `NVGContextWrapper` but found `nil`. [param-type-mismatch]
WARN  | Renderer.lua:1237:17 | expected `NVGContextWrapper` but found `nil`. [param-type-mismatch]
WARN  | Renderer.lua:1312:18 | expected `NVGContextWrapper` but found `nil`. [param-type-mismatch]
WARN  | Renderer.lua:1313:15 | expected `NVGContextWrapper` but found `nil`. [param-type-mismatch]
WARN  | Renderer.lua:1314:18 | expected `NVGContextWrapper` but found `nil`. [param-type-mismatch]
WARN  | Renderer.lua:1315:13 | expected `NVGContextWrapper` but found `nil`. [param-type-mismatch]
WARN  | Renderer.lua:1346:30 | expected `NVGContextWrapper` but found `nil`. [param-type-mismatch]
WARN  | Renderer.lua:1347:25 | expected `NVGContextWrapper` but found `nil`. [param-type-mismatch]
WARN  | Renderer.lua:1348:30 | expected `NVGContextWrapper` but found `nil`. [param-type-mismatch]
WARN  | Renderer.lua:1349:25 | expected `NVGContextWrapper` but found `nil`. [param-type-mismatch]
WARN  | Renderer.lua:1360:22 | expected `NVGContextWrapper` but found `nil`. [param-type-mismatch]
WARN  | Renderer.lua:1361:17 | expected `NVGContextWrapper` but found `nil`. [param-type-mismatch]
WARN  | Renderer.lua:1362:22 | expected `NVGContextWrapper` but found `nil`. [param-type-mismatch]
WARN  | Renderer.lua:1363:17 | expected `NVGContextWrapper` but found `nil`. [param-type-mismatch]
WARN  | Renderer.lua:1374:22 | expected `NVGContextWrapper` but found `nil`. [param-type-mismatch]
WARN  | Renderer.lua:1375:17 | expected `NVGContextWrapper` but found `nil`. [param-type-mismatch]
WARN  | Renderer.lua:1376:22 | expected `NVGContextWrapper` but found `nil`. [param-type-mismatch]
WARN  | Renderer.lua:1377:17 | expected `NVGContextWrapper` but found `nil`. [param-type-mismatch]
WARN  | Renderer.lua:1408:26 | expected `NVGContextWrapper` but found `nil`. [param-type-mismatch]
WARN  | Renderer.lua:1409:23 | expected `NVGContextWrapper` but found `nil`. [param-type-mismatch]
WARN  | Renderer.lua:1410:26 | expected `NVGContextWrapper` but found `nil`. [param-type-mismatch]
WARN  | Renderer.lua:1411:21 | expected `NVGContextWrapper` but found `nil`. [param-type-mismatch]
WARN  | Renderer.lua:1428:30 | expected `NVGContextWrapper` but found `nil`. [param-type-mismatch]
WARN  | Renderer.lua:1429:27 | expected `NVGContextWrapper` but found `nil`. [param-type-mismatch]
WARN  | Renderer.lua:1430:30 | expected `NVGContextWrapper` but found `nil`. [param-type-mismatch]
WARN  | Renderer.lua:1431:25 | expected `NVGContextWrapper` but found `nil`. [param-type-mismatch]
WARN  | Renderer.lua:1439:18 | expected `NVGContextWrapper` but found `nil`. [param-type-mismatch]
WARN  | Renderer.lua:1440:15 | expected `NVGContextWrapper` but found `nil`. [param-type-mismatch]
WARN  | Renderer.lua:1441:18 | expected `NVGContextWrapper` but found `nil`. [param-type-mismatch]
WARN  | Renderer.lua:1442:13 | expected `NVGContextWrapper` but found `nil`. [param-type-mismatch]
WARN  | Renderer.lua:1444:18 | expected `NVGContextWrapper` but found `nil`. [param-type-mismatch]
WARN  | Renderer.lua:1445:15 | expected `NVGContextWrapper` but found `nil`. [param-type-mismatch]
WARN  | Renderer.lua:1446:18 | expected `NVGContextWrapper` but found `nil`. [param-type-mismatch]
WARN  | Renderer.lua:1447:13 | expected `NVGContextWrapper` but found `nil`. [param-type-mismatch]
WARN  | Renderer.lua:1449:18 | expected `NVGContextWrapper` but found `nil`. [param-type-mismatch]
WARN  | Renderer.lua:1450:15 | expected `NVGContextWrapper` but found `nil`. [param-type-mismatch]
WARN  | Renderer.lua:1451:18 | expected `NVGContextWrapper` but found `nil`. [param-type-mismatch]
WARN  | Renderer.lua:1452:13 | expected `NVGContextWrapper` but found `nil`. [param-type-mismatch]
WARN  | Renderer.lua:1479:62 | expected `integer` but found `never`. [param-type-mismatch]
WARN  | Renderer.lua:1486:45 | expected `NVGContextWrapper` but found `nil`. [param-type-mismatch]
WARN  | Renderer.lua:1489:22 | expected `NVGContextWrapper` but found `nil`. [param-type-mismatch]
WARN  | Renderer.lua:1490:19 | expected `NVGContextWrapper` but found `nil`. [param-type-mismatch]
WARN  | Renderer.lua:1491:22 | expected `NVGContextWrapper` but found `nil`. [param-type-mismatch]
WARN  | Renderer.lua:1492:17 | expected `NVGContextWrapper` but found `nil`. [param-type-mismatch]
WARN  | Renderer.lua:1498:18 | expected `NVGContextWrapper` but found `nil`. [param-type-mismatch]
WARN  | Renderer.lua:1499:15 | expected `NVGContextWrapper` but found `nil`. [param-type-mismatch]
WARN  | Renderer.lua:1500:18 | expected `NVGContextWrapper` but found `nil`. [param-type-mismatch]
WARN  | Renderer.lua:1501:13 | expected `NVGContextWrapper` but found `nil`. [param-type-mismatch]
WARN  | Renderer.lua:1574:34 | expected `NVGContextWrapper` but found `nil`. [param-type-mismatch]
WARN  | Renderer.lua:1575:29 | expected `NVGContextWrapper` but found `nil`. [param-type-mismatch]
WARN  | Renderer.lua:1576:34 | expected `NVGContextWrapper` but found `nil`. [param-type-mismatch]
WARN  | Renderer.lua:1577:29 | expected `NVGContextWrapper` but found `nil`. [param-type-mismatch]
WARN  | Renderer.lua:1601:38 | expected `NVGContextWrapper` but found `nil`. [param-type-mismatch]
WARN  | Renderer.lua:1602:33 | expected `NVGContextWrapper` but found `nil`. [param-type-mismatch]
WARN  | Renderer.lua:1603:38 | expected `NVGContextWrapper` but found `nil`. [param-type-mismatch]
WARN  | Renderer.lua:1604:33 | expected `NVGContextWrapper` but found `nil`. [param-type-mismatch]
WARN  | Renderer.lua:1624:30 | expected `NVGContextWrapper` but found `nil`. [param-type-mismatch]
WARN  | Renderer.lua:1625:25 | expected `NVGContextWrapper` but found `nil`. [param-type-mismatch]
WARN  | Renderer.lua:1626:30 | expected `NVGContextWrapper` but found `nil`. [param-type-mismatch]
WARN  | Renderer.lua:1627:25 | expected `NVGContextWrapper` but found `nil`. [param-type-mismatch]
WARN  | Renderer.lua:1642:24 | expected `(unknown[]|table<integer,unknown>|{ [integer]: unknown })` but found `never`. [param-type-mismatch]
WARN  | Renderer.lua:1655:22 | expected `NVGContextWrapper` but found `nil`. [param-type-mismatch]
WARN  | Renderer.lua:1656:17 | expected `NVGContextWrapper` but found `nil`. [param-type-mismatch]
WARN  | Renderer.lua:1657:22 | expected `NVGContextWrapper` but found `nil`. [param-type-mismatch]
WARN  | Renderer.lua:1658:17 | expected `NVGContextWrapper` but found `nil`. [param-type-mismatch]
WARN  | Renderer.lua:1663:26 | expected `NVGContextWrapper` but found `nil`. [param-type-mismatch]
WARN  | Renderer.lua:1664:21 | expected `NVGContextWrapper` but found `nil`. [param-type-mismatch]
WARN  | Renderer.lua:1665:26 | expected `NVGContextWrapper` but found `nil`. [param-type-mismatch]
WARN  | Renderer.lua:1666:21 | expected `NVGContextWrapper` but found `nil`. [param-type-mismatch]
WARN  | Renderer.lua:1676:18 | expected `NVGContextWrapper` but found `nil`. [param-type-mismatch]
WARN  | Renderer.lua:1677:13 | expected `NVGContextWrapper` but found `nil`. [param-type-mismatch]
WARN  | Renderer.lua:1678:18 | expected `NVGContextWrapper` but found `nil`. [param-type-mismatch]
WARN  | Renderer.lua:1679:13 | expected `NVGContextWrapper` but found `nil`. [param-type-mismatch]
WARN  | Renderer.lua:1681:17 | expected `NVGContextWrapper` but found `nil`. [param-type-mismatch]
WARN  | Renderer.lua:1682:17 | expected `NVGContextWrapper` but found `nil`. [param-type-mismatch]
WARN  | Renderer.lua:1683:18 | expected `NVGContextWrapper` but found `nil`. [param-type-mismatch]
WARN  | Renderer.lua:1683:22 | expected `integer` but found `number`. [param-type-mismatch]
WARN  | Renderer.lua:1685:18 | expected `NVGContextWrapper` but found `nil`. [param-type-mismatch]
WARN  | Renderer.lua:1689:75 | expected `integer` but found `never`. [param-type-mismatch]
WARN  | Renderer.lua:1692:18 | expected `NVGContextWrapper` but found `nil`. [param-type-mismatch]
WARN  | Renderer.lua:1695:18 | expected `NVGContextWrapper` but found `nil`. [param-type-mismatch]
WARN  | Renderer.lua:1698:18 | expected `NVGContextWrapper` but found `nil`. [param-type-mismatch]
WARN  | Renderer.lua:1701:18 | expected `NVGContextWrapper` but found `nil`. [param-type-mismatch]
WARN  | Renderer.lua:1701:22 | expected `integer` but found `number`. [param-type-mismatch]
WARN  | Renderer.lua:1702:17 | expected `NVGContextWrapper` but found `nil`. [param-type-mismatch]
WARN  | Renderer.lua:1703:18 | expected `NVGContextWrapper` but found `nil`. [param-type-mismatch]
WARN  | Renderer.lua:1706:17 | expected `NVGContextWrapper` but found `nil`. [param-type-mismatch]
WARN  | Renderer.lua:1707:18 | expected `NVGContextWrapper` but found `nil`. [param-type-mismatch]
WARN  | Renderer.lua:1713:22 | expected `NVGContextWrapper` but found `nil`. [param-type-mismatch]
WARN  | Renderer.lua:1714:17 | expected `NVGContextWrapper` but found `nil`. [param-type-mismatch]
WARN  | Renderer.lua:1715:22 | expected `NVGContextWrapper` but found `nil`. [param-type-mismatch]
WARN  | Renderer.lua:1716:17 | expected `NVGContextWrapper` but found `nil`. [param-type-mismatch]
WARN  | Renderer.lua:1720:22 | expected `NVGContextWrapper` but found `nil`. [param-type-mismatch]
WARN  | Renderer.lua:1720:26 | expected `integer` but found `number`. [param-type-mismatch]
WARN  | Renderer.lua:1721:21 | expected `NVGContextWrapper` but found `nil`. [param-type-mismatch]
WARN  | Renderer.lua:1722:22 | expected `NVGContextWrapper` but found `nil`. [param-type-mismatch]
WARN  | Renderer.lua:1726:22 | expected `NVGContextWrapper` but found `nil`. [param-type-mismatch]
WARN  | Renderer.lua:1727:17 | expected `NVGContextWrapper` but found `nil`. [param-type-mismatch]
WARN  | Renderer.lua:1728:22 | expected `NVGContextWrapper` but found `nil`. [param-type-mismatch]
WARN  | Renderer.lua:1729:17 | expected `NVGContextWrapper` but found `nil`. [param-type-mismatch]
WARN  | Renderer.lua:1731:22 | expected `NVGContextWrapper` but found `nil`. [param-type-mismatch]
WARN  | Renderer.lua:1731:26 | expected `integer` but found `number`. [param-type-mismatch]
WARN  | Renderer.lua:1732:21 | expected `NVGContextWrapper` but found `nil`. [param-type-mismatch]
WARN  | Renderer.lua:1733:22 | expected `NVGContextWrapper` but found `nil`. [param-type-mismatch]
WARN  | Renderer.lua:1735:21 | expected `NVGContextWrapper` but found `nil`. [param-type-mismatch]
WARN  | Renderer.lua:1736:22 | expected `NVGContextWrapper` but found `nil`. [param-type-mismatch]
WARN  | Renderer.lua:1765:18 | expected `NVGContextWrapper` but found `nil`. [param-type-mismatch]
WARN  | Renderer.lua:1766:13 | expected `NVGContextWrapper` but found `nil`. [param-type-mismatch]
WARN  | Renderer.lua:1767:18 | expected `NVGContextWrapper` but found `nil`. [param-type-mismatch]
WARN  | Renderer.lua:1768:13 | expected `NVGContextWrapper` but found `nil`. [param-type-mismatch]
WARN  | Renderer.lua:1786:27 | expected `(unknown[]|table<integer,unknown>|{ [integer]: unknown })` but found `never`. [param-type-mismatch]
WARN  | Renderer.lua:1807:51 | expected `NVGContextWrapper` but found `nil`. [param-type-mismatch]
WARN  | Renderer.lua:1813:51 | expected `NVGContextWrapper` but found `nil`. [param-type-mismatch]
WARN  | Renderer.lua:1814:34 | expected `NVGContextWrapper` but found `nil`. [param-type-mismatch]
WARN  | Renderer.lua:1815:29 | expected `NVGContextWrapper` but found `nil`. [param-type-mismatch]
WARN  | Renderer.lua:1816:34 | expected `NVGContextWrapper` but found `nil`. [param-type-mismatch]
WARN  | Renderer.lua:1817:29 | expected `NVGContextWrapper` but found `nil`. [param-type-mismatch]
WARN  | Renderer.lua:1822:30 | expected `NVGContextWrapper` but found `nil`. [param-type-mismatch]
WARN  | Renderer.lua:1823:25 | expected `NVGContextWrapper` but found `nil`. [param-type-mismatch]
WARN  | Renderer.lua:1824:30 | expected `NVGContextWrapper` but found `nil`. [param-type-mismatch]
WARN  | Renderer.lua:1825:25 | expected `NVGContextWrapper` but found `nil`. [param-type-mismatch]
WARN  | Renderer.lua:1847:62 | expected `integer` but found `never`. [param-type-mismatch]
WARN  | Renderer.lua:1864:19 | expected `userdata` but found `nil`. [param-type-mismatch]
WARN  | Renderer.lua:1883:27 | expected `userdata` but found `nil`. [param-type-mismatch]
WARN  | Renderer.lua:1893:32 | expected `userdata` but found `nil`. [param-type-mismatch]
WARN  | Renderer.lua:171:24 | glyph[row] may be nil [need-check-nil]
WARN  | Renderer.lua:331:17 | c may be nil [need-check-nil]
WARN  | Renderer.lua:331:27 | c may be nil [need-check-nil]
WARN  | Renderer.lua:331:37 | c may be nil [need-check-nil]
WARN  | Renderer.lua:587:17 | LevelManager may be nil [need-check-nil]
WARN  | Renderer.lua:589:25 | Physics may be nil [need-check-nil]
WARN  | Renderer.lua:598:28 | LevelManager may be nil [need-check-nil]
WARN  | Renderer.lua:603:22 | LevelManager may be nil [need-check-nil]
WARN  | Renderer.lua:615:17 | LevelManager may be nil [need-check-nil]
WARN  | Renderer.lua:617:18 | Physics may be nil [need-check-nil]
WARN  | Renderer.lua:626:17 | LevelManager may be nil [need-check-nil]
WARN  | Renderer.lua:628:18 | Physics may be nil [need-check-nil]
WARN  | Renderer.lua:655:23 | cp may be nil [need-check-nil]
WARN  | Renderer.lua:655:30 | cp may be nil [need-check-nil]
WARN  | Renderer.lua:678:18 | LevelManager may be nil [need-check-nil]
WARN  | Renderer.lua:686:20 | PlayerController may be nil [need-check-nil]
WARN  | Renderer.lua:687:24 | PixelSystem may be nil [need-check-nil]
WARN  | Renderer.lua:687:62 | PixelSystem may be nil [need-check-nil]
WARN  | Renderer.lua:693:37 | playerGridX value may be nil [need-check-nil]
WARN  | Renderer.lua:699:35 | LevelManager may be nil [need-check-nil]
WARN  | Renderer.lua:716:39 | LevelManager may be nil [need-check-nil]
WARN  | Renderer.lua:729:25 | LevelManager may be nil [need-check-nil]
WARN  | Renderer.lua:830:46 | gc may be nil [need-check-nil]
WARN  | Renderer.lua:830:53 | gc may be nil [need-check-nil]
WARN  | Renderer.lua:830:60 | gc may be nil [need-check-nil]
WARN  | Renderer.lua:832:46 | gc may be nil [need-check-nil]
WARN  | Renderer.lua:832:53 | gc may be nil [need-check-nil]
WARN  | Renderer.lua:832:60 | gc may be nil [need-check-nil]
WARN  | Renderer.lua:848:46 | gc may be nil [need-check-nil]
WARN  | Renderer.lua:848:53 | gc may be nil [need-check-nil]
WARN  | Renderer.lua:848:60 | gc may be nil [need-check-nil]
WARN  | Renderer.lua:854:40 | gc may be nil [need-check-nil]
WARN  | Renderer.lua:855:40 | gc may be nil [need-check-nil]
WARN  | Renderer.lua:856:40 | gc may be nil [need-check-nil]
WARN  | Renderer.lua:862:48 | gc may be nil [need-check-nil]
WARN  | Renderer.lua:862:55 | gc may be nil [need-check-nil]
WARN  | Renderer.lua:862:62 | gc may be nil [need-check-nil]
WARN  | Renderer.lua:951:23 | LevelManager may be nil [need-check-nil]
WARN  | Renderer.lua:1211:16 | shape[r] may be nil [need-check-nil]
WARN  | Renderer.lua:1211:16 | shape may be nil [need-check-nil]
WARN  | Renderer.lua:1217:53 | baseColor may be nil [need-check-nil]
WARN  | Renderer.lua:1218:53 | baseColor may be nil [need-check-nil]
WARN  | Renderer.lua:1219:53 | baseColor may be nil [need-check-nil]
WARN  | Renderer.lua:1320:16 | shape[r] may be nil [need-check-nil]
WARN  | Renderer.lua:1328:20 | coreMask[r] may be nil [need-check-nil]
WARN  | Renderer.lua:1328:20 | coreMask may be nil [need-check-nil]
WARN  | Renderer.lua:1394:24 | PlayerController may be nil [need-check-nil]
WARN  | Renderer.lua:1395:19 | Physics may be nil [need-check-nil]
WARN  | Renderer.lua:1460:20 | PlayerController may be nil [need-check-nil]
WARN  | Renderer.lua:1471:28 | Animation may be nil [need-check-nil]
WARN  | Renderer.lua:1479:24 | PixelSystem may be nil [need-check-nil]
WARN  | Renderer.lua:1479:62 | PixelSystem may be nil [need-check-nil]
WARN  | Renderer.lua:1503:25 | Animation may be nil [need-check-nil]
WARN  | Renderer.lua:1510:16 | PixelSystem may be nil [need-check-nil]
WARN  | Renderer.lua:1521:22 | Animation may be nil [need-check-nil]
WARN  | Renderer.lua:1521:57 | Animation may be nil [need-check-nil]
WARN  | Renderer.lua:1526:48 | w value may be nil [need-check-nil]
WARN  | Renderer.lua:1552:16 | PixelSystem may be nil [need-check-nil]
WARN  | Renderer.lua:1553:49 | Animation may be nil [need-check-nil]
WARN  | Renderer.lua:1565:68 | baseColor may be nil [need-check-nil]
WARN  | Renderer.lua:1566:68 | baseColor may be nil [need-check-nil]
WARN  | Renderer.lua:1567:68 | baseColor may be nil [need-check-nil]
WARN  | Renderer.lua:1571:56 | hShift value may be nil [need-check-nil]
WARN  | Renderer.lua:1590:20 | PixelSystem may be nil [need-check-nil]
WARN  | Renderer.lua:1612:8 | PixelSystem may be nil [need-check-nil]
WARN  | Renderer.lua:1612:34 | PixelSystem may be nil [need-check-nil]
WARN  | Renderer.lua:1614:27 | Animation may be nil [need-check-nil]
WARN  | Renderer.lua:1616:61 | Animation may be nil [need-check-nil]
WARN  | Renderer.lua:1642:24 | Animation may be nil [need-check-nil]
WARN  | Renderer.lua:1686:24 | LevelManager may be nil [need-check-nil]
WARN  | Renderer.lua:1686:60 | LevelManager may be nil [need-check-nil]
WARN  | Renderer.lua:1689:37 | PixelSystem may be nil [need-check-nil]
WARN  | Renderer.lua:1689:75 | PixelSystem may be nil [need-check-nil]
WARN  | Renderer.lua:1696:37 | PlayerController may be nil [need-check-nil]
WARN  | Renderer.lua:1699:37 | LevelManager may be nil [need-check-nil]
WARN  | Renderer.lua:1761:12 | LevelManager may be nil [need-check-nil]
WARN  | Renderer.lua:1762:8 | LevelManager may be nil [need-check-nil]
WARN  | Renderer.lua:1764:26 | LevelManager may be nil [need-check-nil]
WARN  | Renderer.lua:1777:12 | LevelManager may be nil [need-check-nil]
WARN  | Renderer.lua:1777:41 | LevelManager may be nil [need-check-nil]
WARN  | Renderer.lua:1786:27 | LevelManager may be nil [need-check-nil]
WARN  | Renderer.lua:1847:24 | PixelSystem may be nil [need-check-nil]
WARN  | Renderer.lua:1847:62 | PixelSystem may be nil [need-check-nil]
WARN  | Renderer.lua:1850:24 | PlayerController may be nil [need-check-nil]
WARN  | Renderer.lua:1851:25 | Physics may be nil [need-check-nil]
WARN  | Renderer.lua:689:32 | Undefined field `gridX`. [undefined-field]
WARN  | Renderer.lua:690:32 | Undefined field `gridY`. [undefined-field]
WARN  | Renderer.lua:729:48 | Undefined field `[row]`. [undefined-field]
WARN  | Renderer.lua:730:39 | Undefined field `EMPTY`. [undefined-field]
WARN  | Renderer.lua:951:56 | Undefined field `[key]`. [undefined-field]
WARN  | Renderer.lua:1396:34 | Undefined field `gridX`. [undefined-field]
WARN  | Renderer.lua:1397:34 | Undefined field `gridY`. [undefined-field]
WARN  | Renderer.lua:1467:27 | Undefined field `gridX`. [undefined-field]
WARN  | Renderer.lua:1468:27 | Undefined field `gridY`. [undefined-field]
WARN  | Renderer.lua:1521:43 | Undefined field `[row]`. [undefined-field]
WARN  | Renderer.lua:1521:84 | Undefined field `[row]`. [undefined-field]
WARN  | Renderer.lua:1570:35 | Undefined field `facingRight`. [undefined-field]
WARN  | Renderer.lua:1598:39 | Undefined field `facingRight`. [undefined-field]
WARN  | Renderer.lua:1761:36 | Undefined field `active`. [undefined-field]
WARN  | Renderer.lua:1762:32 | Undefined field `alpha`. [undefined-field]
WARN  | Renderer.lua:1764:50 | Undefined field `alpha`. [undefined-field]
WARN  | Renderer.lua:1852:33 | Undefined field `gridX`. [undefined-field]
WARN  | Renderer.lua:1853:33 | Undefined field `gridY`. [undefined-field]
WARN  | Renderer.lua:400:5 | Cannot assign `number` to `integer`. [assign-type-mismatch]
WARN  | Renderer.lua:657:13 | Cannot assign `number` to `integer`. [assign-type-mismatch]
WARN  | Renderer.lua:1572:27 | Cannot assign `number` to `integer`. [assign-type-mismatch]
WARN  | init.lua:175:8 | Impossible `if` statement: this condition is always falsy [unnecessary-if]
WARN  | init.lua:204:12 | Impossible `if` statement: this condition is always falsy [unnecessary-if]
WARN  | init.lua:206:16 | Impossible `if` statement: this condition is always falsy [unnecessary-if]
WARN  | init.lua:234:12 | Impossible `if` statement: this condition is always falsy [unnecessary-if]
WARN  | init.lua:243:8 | Impossible `if` statement: this condition is always falsy [unnecessary-if]
WARN  | init.lua:258:8 | Impossible `if` statement: this condition is always falsy [unnecessary-if]
WARN  | init.lua:440:8 | Impossible `if` statement: this condition is always falsy [unnecessary-if]
WARN  | init.lua:519:8 | Impossible `if` statement: this condition is always falsy [unnecessary-if]
WARN  | init.lua:527:8 | Impossible `if` statement: this condition is always falsy [unnecessary-if]
WARN  | init.lua:585:8 | Impossible `if` statement: this condition is always falsy [unnecessary-if]
WARN  | init.lua:626:8 | Impossible `if` statement: this condition is always falsy [unnecessary-if]
WARN  | init.lua:638:12 | Impossible `if` statement: this condition is always falsy [unnecessary-if]
WARN  | init.lua:640:16 | Unnecessary `if` statement: this condition is always truthy [unnecessary-if]
WARN  | init.lua:689:16 | Impossible `if` statement: this condition is always falsy [unnecessary-if]
WARN  | init.lua:187:44 | expected `string` but found `nil`. [param-type-mismatch]
WARN  | init.lua:451:27 | expected `number` but found `nil`. [param-type-mismatch]
WARN  | init.lua:451:37 | expected `number` but found `nil`. [param-type-mismatch]
WARN  | init.lua:451:47 | expected `number` but found `nil`. [param-type-mismatch]
WARN  | init.lua:456:23 | expected `number` but found `nil`. [param-type-mismatch]
WARN  | init.lua:456:33 | expected `number` but found `nil`. [param-type-mismatch]
WARN  | init.lua:456:43 | expected `number` but found `nil`. [param-type-mismatch]
WARN  | init.lua:457:18 | expected `number` but found `nil`. [param-type-mismatch]
WARN  | init.lua:457:25 | expected `number` but found `nil`. [param-type-mismatch]
WARN  | init.lua:471:22 | expected `number` but found `nil`. [param-type-mismatch]
WARN  | init.lua:471:37 | expected `number` but found `nil`. [param-type-mismatch]
WARN  | init.lua:193:9 | Cannot assign `number` to `integer`. [assign-type-mismatch]
WARN  | init.lua:500:5 | Cannot assign `number` to `integer`. [assign-type-mismatch]
WARN  | init.lua:501:5 | Cannot assign `number` to `integer`. [assign-type-mismatch]
WARN  | init.lua:520:9 | Cannot assign `number` to `integer`. [assign-type-mismatch]
WARN  | init.lua:563:13 | Cannot assign `number` to `integer`. [assign-type-mismatch]
WARN  | init.lua:607:13 | Cannot assign `number` to `integer`. [assign-type-mismatch]
WARN  | init.lua:609:17 | Cannot assign `number` to `integer`. [assign-type-mismatch]
WARN  | init.lua:614:9 | Cannot assign `number` to `integer`. [assign-type-mismatch]
WARN  | init.lua:674:5 | Cannot assign `number` to `integer`. [assign-type-mismatch]
WARN  | main.lua:41:16 | Unnecessary `if` statement: this condition is always truthy [unnecessary-if]
WARN  | main.lua:42:13 | Cannot assign `nil` to `boolean`. [assign-type-mismatch]
WARN  | main.lua:43:13 | Cannot assign `nil` to `("new"|"continue")`. [assign-type-mismatch]
WARN  | main.lua:31:13 | Cannot resolve module `gameplay.init`. [unresolved-require]
WARN  | main.lua:29:5 | Global variable should only be defined in module scope [global-in-non-module]
WARN  | main.lua:30:5 | Global variable should only be defined in module scope [global-in-non-module]
HINT  | CloudStorage.lua:234:31 | iscores is never used, if this is intentional, prefix it with an underscore: _iscores [unused]
HINT  | CloudStorage.lua:589:13 | existFname is never used, if this is intentional, prefix it with an underscore: _existFname [unused]
HINT  | CloudStorage.lua:201:31 | iscores is never used, if this is intentional, prefix it with an underscore: _iscores [unused]
HINT  | CloudStorage.lua:126:26 | code is never used, if this is intentional, prefix it with an underscore: _code [unused]
HINT  | CloudStorage.lua:943:26 | code is never used, if this is intentional, prefix it with an underscore: _code [unused]
HINT  | CloudStorage.lua:321:26 | code is never used, if this is intentional, prefix it with an underscore: _code [unused]
HINT  | CloudStorage.lua:797:31 | iscores is never used, if this is intentional, prefix it with an underscore: _iscores [unused]
HINT  | CloudStorage.lua:161:42 | code is never used, if this is intentional, prefix it with an underscore: _code [unused]
HINT  | CloudStorage.lua:666:30 | code is never used, if this is intentional, prefix it with an underscore: _code [unused]
HINT  | CloudStorage.lua:852:26 | code is never used, if this is intentional, prefix it with an underscore: _code [unused]
HINT  | CloudStorage.lua:497:30 | code is never used, if this is intentional, prefix it with an underscore: _code [unused]
HINT  | CloudStorage.lua:695:26 | code is never used, if this is intentional, prefix it with an underscore: _code [unused]
HINT  | CloudStorage.lua:406:30 | code is never used, if this is intentional, prefix it with an underscore: _code [unused]
HINT  | CloudStorage.lua:105:31 | iscores is never used, if this is intentional, prefix it with an underscore: _iscores [unused]
HINT  | CloudStorage.lua:376:26 | code is never used, if this is intentional, prefix it with an underscore: _code [unused]
HINT  | CloudStorage.lua:733:31 | iscores is never used, if this is intentional, prefix it with an underscore: _iscores [unused]
HINT  | CloudStorage.lua:819:26 | code is never used, if this is intentional, prefix it with an underscore: _code [unused]
HINT  | CloudStorage.lua:213:26 | code is never used, if this is intentional, prefix it with an underscore: _code [unused]
HINT  | CloudStorage.lua:529:26 | code is never used, if this is intentional, prefix it with an underscore: _code [unused]
HINT  | CloudStorage.lua:293:31 | iscores is never used, if this is intentional, prefix it with an underscore: _iscores [unused]
HINT  | CloudStorage.lua:80:16 | SaveIndex is never used, if this is intentional, prefix it with an underscore: _SaveIndex [unused]
HINT  | CloudStorage.lua:781:26 | code is never used, if this is intentional, prefix it with an underscore: _code [unused]
HINT  | CloudStorage.lua:624:30 | code is never used, if this is intentional, prefix it with an underscore: _code [unused]
HINT  | CloudStorage.lua:359:26 | code is never used, if this is intentional, prefix it with an underscore: _code [unused]
HINT  | CloudStorage.lua:751:26 | code is never used, if this is intentional, prefix it with an underscore: _code [unused]
HINT  | CloudStorage.lua:268:34 | code is never used, if this is intentional, prefix it with an underscore: _code [unused]
HINT  | CloudStorage.lua:276:26 | code is never used, if this is intentional, prefix it with an underscore: _code [unused]
HINT  | CloudStorage.lua:35:7 | DATA_DIR is never used, if this is intentional, prefix it with an underscore: _DATA_DIR [unused]
HINT  | CurtainRenderer.lua:277:23 | yRatio is never used, if this is intentional, prefix it with an underscore: _yRatio [unused]
HINT  | FogOfWar.lua:1191:9 | i is never used, if this is intentional, prefix it with an underscore: _i [unused]
HINT  | LevelGenerator.lua:153:16 | ClampRow is never used, if this is intentional, prefix it with an underscore: _ClampRow [unused]
HINT  | LevelGenerator.lua:210:53 | mapCols is never used, if this is intentional, prefix it with an underscore: _mapCols [unused]
HINT  | LevelGenerator.lua:1089:35 | diff is never used, if this is intentional, prefix it with an underscore: _diff [unused]
HINT  | LevelGenerator.lua:148:16 | CalcJumpFromFlame is never used, if this is intentional, prefix it with an underscore: _CalcJumpFromFlame [unused]
HINT  | MainMenu.lua:368:44 | self is never used, if this is intentional, prefix it with an underscore: _self [unused]
HINT  | MainMenu.lua:480:28 | self is never used, if this is intentional, prefix it with an underscore: _self [unused]
HINT  | MainMenu.lua:313:44 | self is never used, if this is intentional, prefix it with an underscore: _self [unused]
HINT  | MainMenu.lua:460:28 | self is never used, if this is intentional, prefix it with an underscore: _self [unused]
HINT  | MainMenu.lua:162:39 | event is never used, if this is intentional, prefix it with an underscore: _event [unused]
HINT  | MainMenu.lua:165:39 | event is never used, if this is intentional, prefix it with an underscore: _event [unused]
HINT  | MainMenu.lua:408:44 | self is never used, if this is intentional, prefix it with an underscore: _self [unused]
HINT  | MainMenu.lua:438:28 | self is never used, if this is intentional, prefix it with an underscore: _self [unused]
HINT  | MainMenu.lua:353:44 | self is never used, if this is intentional, prefix it with an underscore: _self [unused]
HINT  | MainMenu.lua:195:29 | self is never used, if this is intentional, prefix it with an underscore: _self [unused]
HINT  | MainMenu.lua:184:29 | self is never used, if this is intentional, prefix it with an underscore: _self [unused]
HINT  | MainMenu.lua:10:7 | CloudStorage is never used, if this is intentional, prefix it with an underscore: _CloudStorage [unused]
HINT  | MainMenu.lua:452:28 | self is never used, if this is intentional, prefix it with an underscore: _self [unused]
HINT  | MainMenu.lua:300:44 | self is never used, if this is intentional, prefix it with an underscore: _self [unused]
HINT  | MainMenu.lua:427:32 | self is never used, if this is intentional, prefix it with an underscore: _self [unused]
HINT  | MainMenu.lua:98:16 | The same file is required multiple times. [duplicate-require]
HINT  | PauseMenu.lua:233:44 | self is never used, if this is intentional, prefix it with an underscore: _self [unused]
HINT  | PauseMenu.lua:340:44 | self is never used, if this is intentional, prefix it with an underscore: _self [unused]
HINT  | PauseMenu.lua:286:44 | self is never used, if this is intentional, prefix it with an underscore: _self [unused]
HINT  | PauseMenu.lua:347:44 | self is never used, if this is intentional, prefix it with an underscore: _self [unused]
HINT  | PauseMenu.lua:103:29 | self is never used, if this is intentional, prefix it with an underscore: _self [unused]
HINT  | PauseMenu.lua:361:44 | self is never used, if this is intentional, prefix it with an underscore: _self [unused]
HINT  | PauseMenu.lua:114:29 | self is never used, if this is intentional, prefix it with an underscore: _self [unused]
HINT  | PauseMenu.lua:273:44 | self is never used, if this is intentional, prefix it with an underscore: _self [unused]
HINT  | PauseMenu.lua:311:28 | self is never used, if this is intentional, prefix it with an underscore: _self [unused]
HINT  | PauseMenu.lua:354:44 | self is never used, if this is intentional, prefix it with an underscore: _self [unused]
HINT  | PauseMenu.lua:218:44 | self is never used, if this is intentional, prefix it with an underscore: _self [unused]
HINT  | SolidRenderer.lua:1333:64 | row is never used, if this is intentional, prefix it with an underscore: _row [unused]
HINT  | SolidRenderer.lua:1333:59 | col is never used, if this is intentional, prefix it with an underscore: _col [unused]
HINT  | SolidRenderer.lua:579:80 | lightDirX is never used, if this is intentional, prefix it with an underscore: _lightDirX [unused]
HINT  | SolidRenderer.lua:579:91 | lightDirY is never used, if this is intentional, prefix it with an underscore: _lightDirY [unused]
HINT  | WorldMapEditor.lua:556:15 | mx is never used, if this is intentional, prefix it with an underscore: _mx [unused]
HINT  | WorldMapEditor.lua:692:47 | mx is never used, if this is intentional, prefix it with an underscore: _mx [unused]
HINT  | WorldMapEditor.lua:557:15 | my is never used, if this is intentional, prefix it with an underscore: _my [unused]
HINT  | WorldMapEditor.lua:692:51 | my is never used, if this is intentional, prefix it with an underscore: _my [unused]
HINT  | cloud_recovery.lua:25:31 | iscores is never used, if this is intentional, prefix it with an underscore: _iscores [unused]
HINT  | cloud_recovery.lua:34:26 | code is never used, if this is intentional, prefix it with an underscore: _code [unused]
HINT  | cloud_recovery.lua:92:26 | code is never used, if this is intentional, prefix it with an underscore: _code [unused]
HINT  | cloud_recovery.lua:125:26 | code is never used, if this is intentional, prefix it with an underscore: _code [unused]
HINT  | cloud_recovery.lua:8:7 | cjson is never used, if this is intentional, prefix it with an underscore: _cjson [unused]
HINT  | cloud_recovery.lua:49:26 | code is never used, if this is intentional, prefix it with an underscore: _code [unused]
HINT  | cloud_recovery.lua:40:31 | iscores is never used, if this is intentional, prefix it with an underscore: _iscores [unused]
HINT  | cloud_recovery.lua:61:31 | iscores is never used, if this is intentional, prefix it with an underscore: _iscores [unused]
HINT  | editor.lua:406:24 | eventType is never used, if this is intentional, prefix it with an underscore: _eventType [unused]
HINT  | editor.lua:382:26 | eventType is never used, if this is intentional, prefix it with an underscore: _eventType [unused]
HINT  | editor.lua:40:7 | Placement is never used, if this is intentional, prefix it with an underscore: _Placement [unused]
HINT  | editor.lua:390:28 | eventType is never used, if this is intentional, prefix it with an underscore: _eventType [unused]
HINT  | editor.lua:398:26 | eventType is never used, if this is intentional, prefix it with an underscore: _eventType [unused]
HINT  | editor.lua:43:7 | FlameRenderer is never used, if this is intentional, prefix it with an underscore: _FlameRenderer [unused]
HINT  | editor.lua:335:23 | eventType is never used, if this is intentional, prefix it with an underscore: _eventType [unused]
HINT  | editor.lua:373:24 | eventType is never used, if this is intentional, prefix it with an underscore: _eventType [unused]
HINT  | editor.lua:414:27 | eventType is never used, if this is intentional, prefix it with an underscore: _eventType [unused]
HINT  | editor.lua:379:22 | eventType is never used, if this is intentional, prefix it with an underscore: _eventType [unused]
HINT  | editor.lua:39:7 | Undo is never used, if this is intentional, prefix it with an underscore: _Undo [unused]
HINT  | editor.lua:228:44 | wmOk is never used, if this is intentional, prefix it with an underscore: _wmOk [unused]
HINT  | editor.lua:420:27 | eventType is never used, if this is intentional, prefix it with an underscore: _eventType [unused]
HINT  | editor.lua:379:33 | eventData is never used, if this is intentional, prefix it with an underscore: _eventData [unused]
HINT  | editor.lua:278:29 | eventType is never used, if this is intentional, prefix it with an underscore: _eventType [unused]
HINT  | editor.lua:278:40 | eventData is never used, if this is intentional, prefix it with an underscore: _eventData [unused]
HINT  | editor.lua:420:38 | eventData is never used, if this is intentional, prefix it with an underscore: _eventData [unused]
HINT  | CloudPanel.lua:10:7 | C is never used, if this is intentional, prefix it with an underscore: _C [unused]
HINT  | CloudPanel.lua:281:29 | self is never used, if this is intentional, prefix it with an underscore: _self [unused]
HINT  | CloudPanel.lua:139:7 | Fields cannot be injected into the reference of `EditorState` for `_cloudPanelExportRect`. [inject-field]
HINT  | CloudPanel.lua:140:7 | Fields cannot be injected into the reference of `EditorState` for `_cloudPanelImportRect`. [inject-field]
HINT  | CloudPanel.lua:141:7 | Fields cannot be injected into the reference of `EditorState` for `_cloudPanelRect`. [inject-field]
HINT  | CrossLevel.lua:268:11 | projRow is never used, if this is intentional, prefix it with an underscore: _projRow [unused]
HINT  | Dialogs.lua:484:16 | DrawRenameDialog is never used, if this is intentional, prefix it with an underscore: _DrawRenameDialog [unused]
HINT  | Dialogs.lua:189:7 | DECO_IMAGE_OPTIONS is never used, if this is intentional, prefix it with an underscore: _DECO_IMAGE_OPTIONS [unused]
HINT  | Dialogs.lua:1040:16 | HandleRenameKey is never used, if this is intentional, prefix it with an underscore: _HandleRenameKey [unused]
HINT  | Dialogs.lua:51:29 | self is never used, if this is intentional, prefix it with an underscore: _self [unused]
HINT  | Dialogs.lua:1242:51 | selectionLength is never used, if this is intentional, prefix it with an underscore: _selectionLength [unused]
HINT  | Dialogs.lua:176:7 | Fields cannot be injected into the reference of `EditorState` for `trashDialogList`. [inject-field]
HINT  | Dialogs.lua:177:7 | Fields cannot be injected into the reference of `EditorState` for `trashDialogScroll`. [inject-field]
HINT  | Dialogs.lua:204:7 | Fields cannot be injected into the reference of `EditorState` for `decoCursor`. [inject-field]
HINT  | Dialogs.lua:205:7 | Fields cannot be injected into the reference of `EditorState` for `decoFocusField`. [inject-field]
HINT  | Dialogs.lua:222:7 | Fields cannot be injected into the reference of `EditorState` for `bgAlphaCursor`. [inject-field]
HINT  | Dialogs.lua:924:7 | Fields cannot be injected into the reference of `EditorState` for `trashDialogBtns`. [inject-field]
HINT  | Dialogs.lua:994:7 | Fields cannot be injected into the reference of `EditorState` for `trashDialogCloseBtn`. [inject-field]
HINT  | Dialogs.lua:1164:27 | Fields cannot be injected into the reference of `EditorState` for `bgAlphaCursor`. [inject-field]
HINT  | Dialogs.lua:1325:19 | Fields cannot be injected into the reference of `EditorState` for `bgAlphaCursor`. [inject-field]
HINT  | Dialogs.lua:1565:23 | Fields cannot be injected into the reference of `EditorState` for `trashDialogList`. [inject-field]
HINT  | GMTool.lua:135:26 | pmx is never used, if this is intentional, prefix it with an underscore: _pmx [unused]
HINT  | GMTool.lua:135:31 | pmy is never used, if this is intentional, prefix it with an underscore: _pmy [unused]
HINT  | GridRenderer.lua:1043:39 | mapW is never used, if this is intentional, prefix it with an underscore: _mapW [unused]
HINT  | GridRenderer.lua:734:48 | mapY is never used, if this is intentional, prefix it with an underscore: _mapY [unused]
HINT  | GridRenderer.lua:965:9 | i is never used, if this is intentional, prefix it with an underscore: _i [unused]
HINT  | GridRenderer.lua:734:42 | mapX is never used, if this is intentional, prefix it with an underscore: _mapX [unused]
HINT  | GridRenderer.lua:734:54 | mapW is never used, if this is intentional, prefix it with an underscore: _mapW [unused]
HINT  | GridRenderer.lua:734:60 | mapH is never used, if this is intentional, prefix it with an underscore: _mapH [unused]
HINT  | GridRenderer.lua:65:36 | Prefer use local alias variable 'mapY' [preferred-local-alias]
HINT  | InputHandler.lua:1510:30 | my is never used, if this is intentional, prefix it with an underscore: _my [unused]
HINT  | InputHandler.lua:951:44 | col is never used, if this is intentional, prefix it with an underscore: _col [unused]
HINT  | InputHandler.lua:951:49 | row is never used, if this is intentional, prefix it with an underscore: _row [unused]
HINT  | InputHandler.lua:29:7 | DECORATION_TOOL_INDEX is never used, if this is intentional, prefix it with an underscore: _DECORATION_TOOL_INDEX [unused]
HINT  | InputHandler.lua:1510:26 | mx is never used, if this is intentional, prefix it with an underscore: _mx [unused]
HINT  | InputHandler.lua:1013:11 | Fields cannot be injected into the reference of `EditorState` for `moveDragDecoIdx`. [inject-field]
HINT  | InputHandler.lua:1071:7 | Fields cannot be injected into the reference of `EditorState` for `moveDragDecoIdx`. [inject-field]
HINT  | InputHandler.lua:1657:7 | Fields cannot be injected into the reference of `EditorState` for `moveDragDecoIdx`. [inject-field]
HINT  | InputHandler.lua:942:32 | Prefer use local alias variable 'TOOLS' [preferred-local-alias]
HINT  | InputHandler.lua:1094:28 | Prefer use local alias variable 'TOOLS' [preferred-local-alias]
HINT  | InputHandler.lua:1102:22 | Prefer use local alias variable 'TOOLS' [preferred-local-alias]
HINT  | InputHandler.lua:1407:30 | Prefer use local alias variable 'TOOLS' [preferred-local-alias]
HINT  | LevelFileIO.lua:74:17 | i is never used, if this is intentional, prefix it with an underscore: _i [unused]
HINT  | LevelFileIO.lua:95:17 | i is never used, if this is intentional, prefix it with an underscore: _i [unused]
HINT  | PlayMode.lua:3654:9 | key is never used, if this is intentional, prefix it with an underscore: _key [unused]
HINT  | PlayMode.lua:439:50 | isHorizontal is never used, if this is intentional, prefix it with an underscore: _isHorizontal [unused]
HINT  | PlayMode.lua:2310:26 | code is never used, if this is intentional, prefix it with an underscore: _code [unused]
HINT  | PlayMode.lua:3303:11 | W is never used, if this is intentional, prefix it with an underscore: _W [unused]
HINT  | PlayMode.lua:3636:9 | i is never used, if this is intentional, prefix it with an underscore: _i [unused]
HINT  | Sidebar.lua:114:35 | index is never used, if this is intentional, prefix it with an underscore: _index [unused]
HINT  | Sidebar.lua:230:12 | lv is never used, if this is intentional, prefix it with an underscore: _lv [unused]
HINT  | Sidebar.lua:23:35 | Prefer use local alias variable 'sbY' [preferred-local-alias]
HINT  | TileUtils.lua:96:34 | Prefer use local alias variable 'mapY' [preferred-local-alias]
HINT  | Toolbar.lua:936:11 | btnH is never used, if this is intentional, prefix it with an underscore: _btnH [unused]
HINT  | Toolbar.lua:770:7 | Fields cannot be injected into the reference of `EditorState` for `trashBtnRect`. [inject-field]
HINT  | Toolbar.lua:964:7 | Fields cannot be injected into the reference of `EditorState` for `submenuPopupX`. [inject-field]
HINT  | Toolbar.lua:965:7 | Fields cannot be injected into the reference of `EditorState` for `submenuPopupY`. [inject-field]
HINT  | Toolbar.lua:966:7 | Fields cannot be injected into the reference of `EditorState` for `submenuPopupW`. [inject-field]
HINT  | Toolbar.lua:967:7 | Fields cannot be injected into the reference of `EditorState` for `submenuPopupH`. [inject-field]
HINT  | Animation.lua:37:11 | vertAmp is never used, if this is intentional, prefix it with an underscore: _vertAmp [unused]
HINT  | Animation.lua:124:36 | gameTime is never used, if this is intentional, prefix it with an underscore: _gameTime [unused]
HINT  | Fireball.lua:139:9 | i is never used, if this is intentional, prefix it with an underscore: _i [unused]
HINT  | Fireball.lua:32:7 | FIREBALL_SIZE is never used, if this is intentional, prefix it with an underscore: _FIREBALL_SIZE [unused]
HINT  | Fireball.lua:173:41 | Fields cannot be injected into the reference of `never` for `hasLanternDash`. [inject-field]
HINT  | FlameDashChain.lua:71:7 | cachedCtx is never used, if this is intentional, prefix it with an underscore: _cachedCtx [unused]
HINT  | FlameDashChain.lua:419:11 | savedFallGridCount is never used, if this is intentional, prefix it with an underscore: _savedFallGridCount [unused]
HINT  | FlameDashChain.lua:568:16 | ScanDownForGround is never used, if this is intentional, prefix it with an underscore: _ScanDownForGround [unused]
HINT  | FlameDashChain.lua:656:11 | s is never used, if this is intentional, prefix it with an underscore: _s [unused]
HINT  | FlameDashChain.lua:119:16 | IsInLightRange is never used, if this is intentional, prefix it with an underscore: _IsInLightRange [unused]
HINT  | Renderer.lua:235:9 | key is never used, if this is intentional, prefix it with an underscore: _key [unused]
HINT  | Renderer.lua:1244:41 | row is never used, if this is intentional, prefix it with an underscore: _row [unused]
HINT  | Renderer.lua:699:9 | cpKey is never used, if this is intentional, prefix it with an underscore: _cpKey [unused]
HINT  | Renderer.lua:208:9 | i is never used, if this is intentional, prefix it with an underscore: _i [unused]
HINT  | Renderer.lua:1142:44 | row is never used, if this is intentional, prefix it with an underscore: _row [unused]
HINT  | init.lua:679:24 | eventType is never used, if this is intentional, prefix it with an underscore: _eventType [unused]
HINT  | init.lua:711:27 | eventType is never used, if this is intentional, prefix it with an underscore: _eventType [unused]
HINT  | init.lua:711:38 | eventData is never used, if this is intentional, prefix it with an underscore: _eventData [unused]
HINT  | init.lua:447:40 | eventData is never used, if this is intentional, prefix it with an underscore: _eventData [unused]
HINT  | init.lua:566:11 | dashResult is never used, if this is intentional, prefix it with an underscore: _dashResult [unused]
HINT  | init.lua:7:7 | GAME_VERSION is never used, if this is intentional, prefix it with an underscore: _GAME_VERSION [unused]
HINT  | init.lua:447:29 | eventType is never used, if this is intentional, prefix it with an underscore: _eventType [unused]
HINT  | init.lua:493:23 | eventType is never used, if this is intentional, prefix it with an underscore: _eventType [unused]
